41138,307.0260575260673,378,-3,382,304,380,150
41648,304.0263146505578,377,-5,381,299,379,147
39600,300.01499962501873,378,-3,381,297,379,147
39600,300.13496963866106,373,-2,382,298,377,148
37973,299.482887658043,368,1,385,300,376,150
37719,297.4306641891518,369,3,385,300,377,151
37973,299.3275797516827,371,3,385,302,378,152
37422,297.4861341306516,368,7,385,304,376,155
36828,297.37854663711033,370,9,385,306,377,157
37250,298.4845054605013,367,10,384,308,375,159
35816,296.48777377827906,365,13,382,309,373,161
36952,298.328677803526,367,13,381,311,374,162
37200,300.2399040767233,365,15,377,315,371,165
37375,299.2022727186409,364,16,375,315,369,165
35462,298.10736320996836,365,16,373,314,369,165
36531,297.2036338943385,360,16,371,313,365,164
35760,298.10736320996836,360,16,368,314,364,165
35640,297.0824801296771,359,16,366,313,362,164
35880,299.060194609714,359,15,365,314,362,164
35160,293.08360581922693,357,16,364,309,360,162
34632,296.01520231231365,360,15,363,311,361,163
35453,293.04265901059523,358,14,363,307,360,160
33516,294.0153057240388,358,16,361,310,359,163
33174,291.0274901104705,356,17,360,308,358,162
33465,291.0068727710739,355,17,357,308,356,162
32770,290.0,356,19,356,309,356,164
32657,289.0,357,20,357,309,357,164
32946,289.0017300986276,357,20,358,309,357,164
32144,287.0069685565143,358,20,356,307,357,163
33060,285.0017543805652,357,21,356,306,356,163
31524,284.00704216621114,356,23,358,307,357,165
32315,281.001779353797,355,24,356,305,355,164
30580,278.0071941515183,355,29,357,307,356,168
31970,278.17979797246244,349,30,359,308,354,169
31578,277.0884335370208,351,30,358,307,354,168
31464,276.1159176867571,348,31,356,307,352,169
30470,277.0072201225087,351,34,353,311,352,172
30800,275.04545078950133,345,33,350,308,347,170
31464,276.0072462816873,346,34,344,310,345,172
31136,278.01618657912707,346,34,343,312,344,173
31640,280.02856997099417,348,35,344,315,346,175
32148,282.00177304407146,344,34,343,316,343,175
31746,286.01573383294846,347,34,344,320,345,177
33060,285.0631508981826,346,35,352,320,349,177
35464,286.1415733513744,343,33,352,319,347,176
39606,287.25076153075736,344,31,356,318,350,174
48267,279.0161285660741,340,29,343,308,341,168
60300,281.34853829369723,339,30,325,311,332,170
64688,299.3275797516827,340,22,326,321,333,171
53328,301.2391076869004,340,19,328,320,334,169
44043,277.1154993860863,339,14,331,291,335,152
39445,250.88044961694402,323,24,377,269,350,146
67744,303.19135871591067,308,17,429,295,368,156
36680,285.3296339324046,315,18,428,280,371,149
42921,298.197920851236,322,27,483,278,402,152
46070,305.026228380446,324,24,464,295,394,159
40415,299.37601774357273,312,22,363,317,337,169
40635,315.6342820417326,330,8,350,323,340,165
40300,312.56999216175564,326,20,366,330,346,175
40524,308.01623333843946,325,21,350,328,337,174
38375,307.1628232713067,330,21,340,328,335,174
40086,306.36742646697934,328,24,343,330,335,177
39603,307.13189349203054,331,23,340,330,335,176
38556,306.08005488760614,332,22,339,328,335,175
37454,307.0016286601751,336,22,337,329,336,175
36840,307.0016286601751,338,22,337,329,337,175
37576,308.00162337234525,337,20,338,328,337,174
37698,309.0,338,20,338,329,338,174
36960,308.0,339,20,339,328,339,174
38192,308.00162337234525,340,20,339,328,339,174
37884,308.00649343804423,339,21,337,329,338,175
37761,307.0146576305438,340,22,337,329,338,175
37440,312.00641019056,341,23,339,335,340,179
37268,308.01461004309516,342,26,339,334,340,180
37631,311.00160771288625,342,26,341,337,341,181
38812,313.02555806195767,341,27,345,340,343,183
37752,312.0400615305669,342,27,347,339,344,183
38253,311.07876816009156,342,27,349,338,345,182
39312,312.1297807002722,340,27,349,339,344,183
37752,312.10254725009855,342,25,350,337,346,181
39250,314.1289544120376,343,25,352,339,347,182
38186,313.22994748267604,342,27,354,340,348,183
38253,311.3615262038648,344,25,359,336,351,180
39990,311.0064308016797,345,25,370,335,357,180
39615,286.18350756114506,346,18,372,303,359,160
41038,292.3302926485724,323,55,367,344,345,199
42812,308.41530441921975,327,51,343,359,335,205
40576,317.3089976663126,326,54,340,371,333,212
41265,315.40608744918035,324,49,340,364,332,206
40764,316.3558123379433,327,43,342,359,334,201
40068,318.190194694934,329,38,340,356,334,197
40448,316.15818825391824,327,35,337,351,332,193
39750,318.014150628553,330,31,333,349,331,190
39816,316.1281385767487,325,31,334,347,329,189
38868,316.03955448645985,327,29,332,345,329,187
39308,317.00157728314224,326,28,327,345,326,186
38552,316.0,325,27,325,343,325,185
38936,314.00636936215164,325,27,323,341,324,184
38622,314.00636936215164,324,26,322,340,323,183
37485,315.0571376750573,329,25,323,340,326,182
38236,316.05695689226644,328,25,322,341,325,183
38796,318.0770346944274,329,23,322,341,325,182
39625,317.0567772497538,330,25,324,342,327,183
40068,318.0251562376788,328,26,324,344,326,185
40448,316.03955448645985,328,27,323,343,325,185
39680,320.1265374816652,330,25,321,345,325,185
41667,323.18725222384626,330,25,319,348,324,186
43032,326.1533381708671,324,23,314,349,319,186
43550,325.15380975778214,320,26,310,351,315,188
42968,328.219438790575,320,26,308,354,314,190
44622,333.33766663850037,318,25,303,358,310,191
45152,332.54323027239633,314,25,295,357,304,191
44688,337.00445100918176,309,24,283,360,296,192
44540,341.32096331752024,304,21,274,361,289,191
45144,343.7862708137136,298,18,263,360,280,189
45694,342.79148180781857,288,17,253,358,270,187
45220,342.2294551905198,282,16,243,356,262,186
44540,341.79672321425204,272,14,237,354,254,184
47196,343.5884165684286,267,10,234,352,250,181
45962,344.3094538347734,263,10,233,353,248,181
47058,341.84353145847297,259,5,235,346,247,175
48160,344.4198019858905,255,1,238,345,246,173
47517,337.0726924566865,255,2,248,339,251,170
45016,331.02416830195347,254,2,258,333,256,167
44145,327.01376117833325,266,-1,269,326,267,162
46656,324.01388859121454,276,-5,279,319,277,157
47508,321.00623046912966,293,-10,295,311,294,150
46452,316.07752213657966,303,-8,310,308,306,150
46786,314.1926160812822,310,-8,321,306,315,149
46305,315.26813984289623,318,-9,331,306,324,148
48320,320.1265374816652,318,-10,327,310,322,150
48750,325.05537989702617,315,-12,309,313,312,150
48472,332.66349363884217,304,-14,283,318,293,152
44086,329.8029714844911,281,-9,258,320,269,155
41250,332.6619906150987,271,-8,229,322,250,157
41416,337.72177898382574,249,-8,199,326,224,159
42000,339.4112549695428,226,-3,178,333,202,165
41205,336.7209527190133,197,-1,163,334,180,166
43290,334.534004250689,186,8,154,341,170,174
43361,332.9519484850629,186,14,150,345,168,179
42291,334.0134727821619,177,19,151,352,164,185
44289,333.43365157104347,173,20,156,353,164,186
44484,337.2906758272455,176,21,162,358,169,189
44748,339.1784191248022,180,21,169,360,174,190
43008,336.0372003216311,180,28,175,364,177,196
43810,337.013352851189,179,33,176,370,177,201
43776,342.1768548572507,185,32,174,374,179,203
45408,344.17582715815473,185,33,174,377,179,205
45110,347.1440623141925,181,35,171,382,176,208
45804,347.1166950753018,178,37,169,384,173,210
46575,345.0710071854777,176,38,169,383,172,210
45885,345.1753177734468,175,37,164,382,169,209
46230,345.20863256876993,174,38,162,383,168,210
44032,344.32687957811254,173,39,158,383,165,211
43307,341.287269027135,169,40,155,381,162,210
43344,344.32687957811254,163,38,148,382,155,210
42532,343.32783167113035,156,37,141,380,148,208
41846,343.3729750577352,147,37,131,380,139,208
43470,345.76581670257696,141,35,118,380,129,207
42189,343.5258360007294,129,36,110,379,119,207
43218,343.20984834354624,114,34,102,377,108,205
46632,348.1738071710737,101,32,90,380,95,206
45850,350.24134536059563,90,30,77,380,83,205
47082,354.2386201418473,80,30,67,384,73,207
48552,357.3583635512117,75,28,59,385,67,206
48240,360.5551275463989,66,27,46,387,56,207
51546,363.23270777836075,49,26,36,389,42,207
52416,364.0013736237818,33,27,32,391,32,209
52052,364.00549446402596,29,30,31,394,30,212
52052,364.0013736237818,33,31,32,395,32,213
56364,366.06693377031473,21,29,28,395,24,212
53802,366.0874212534487,26,30,34,396,30,213
51546,363.0881435684729,33,32,41,395,37,213
50094,363.0674868395682,40,33,47,396,43,214
52128,362.06767323250494,42,34,49,396,45,215
52416,364.1112467364885,43,33,52,397,47,215
52338,366.0874212534487,44,33,52,399,48,216
53360,368.0054347424777,52,30,50,398,51,214
54831,373.00536189175625,50,28,48,401,49,214
54230,374.0053475553525,51,26,49,400,50,213
56024,376.00132978488256,49,25,50,401,49,213
55272,376.0212759937927,52,25,56,401,54,213
53625,375.005333295408,58,24,60,399,59,211
53712,373.0214471045867,61,24,65,397,63,210
53108,374.02138976267116,64,23,68,397,66,210
53016,376.0119678946403,67,21,70,397,68,209
53911,377.00132625761415,70,19,69,396,69,207
53911,377.0053050024628,71,17,69,394,70,205
54054,378.0052909682614,70,14,68,392,69,203
53676,378.08464660707926,72,14,64,392,68,203
54720,380.13155617496426,72,12,62,392,67,202
54483,381.1587595740127,69,10,58,391,63,200
55008,382.25645841502796,69,8,55,390,62,199
56388,381.2951612596205,69,8,54,389,61,198
55626,381.37907651049767,72,7,55,388,63,197
55626,381.52457325839447,72,7,52,388,62,197
55944,378.25917041097625,70,9,56,387,63,198
57152,376.3841123108147,74,13,57,389,65,201
56474,374.3861642742691,77,12,60,386,68,199
55950,373.26264211678085,78,14,64,387,71,200
53795,371.22769293251815,80,16,67,387,73,201
53424,371.1630369527656,83,17,72,388,77,202
54243,369.2289262774518,87,17,74,386,80,201
52311,371.26405697293137,91,17,77,388,84,202
50690,370.1945434497921,92,17,80,387,86,202
50690,370.135110466435,92,17,82,387,87,202
50690,370.135110466435,94,16,84,386,89,201
49545,367.1103376370652,95,19,86,386,90,202
51013,367.03405836516043,96,19,91,386,93,202
50960,364.0343390396021,97,21,92,385,94,203
50005,365.0342449688796,94,20,89,385,91,202
50735,365.0219171501898,94,22,90,387,92,204
51013,367.02179771779225,93,21,89,388,91,204
50784,368.0054347424777,90,21,88,389,89,205
51520,368.0,88,22,88,390,88,206
51380,367.0013623952914,88,25,89,392,88,208
51520,368.0054347424777,86,25,88,393,87,209
52992,368.0054347424777,85,27,87,395,86,211
51660,369.0216795799401,83,29,87,398,85,213
52682,371.0,83,29,83,400,83,214
53424,371.01212918178294,80,30,83,401,81,215
54230,374.00133689600625,79,31,78,405,78,218
53339,373.001340480165,75,33,76,406,75,219
53712,373.001340480165,74,35,75,408,74,221
55428,372.0013440835933,72,36,73,408,72,222
53053,371.0215627156998,72,37,76,408,74,222
52734,374.0053475553525,73,35,75,409,74,222
53250,375.0119998080062,73,35,76,410,74,222
54665,377.00132625761415,75,32,74,409,74,220
55272,376.0119678946403,70,32,73,408,71,220
54604,374.0120318920235,73,33,76,407,74,220
54000,375.005333295408,75,32,73,407,74,219
54604,374.0,72,33,72,407,72,220
54000,375.00133333096295,74,32,73,407,73,219
53392,376.0,73,33,73,409,73,221
53768,376.00531911131253,74,33,72,409,73,221
54054,378.02116342871597,75,32,71,410,73,221
53534,377.01193615056803,74,32,71,409,72,220
53534,377.02121956197635,74,32,70,409,72,220
54288,377.01193615056803,74,33,71,410,72,221
54665,377.02121956197635,74,32,70,409,72,220
53534,377.0053050024628,75,32,73,409,74,220
54720,380.0328933131973,77,30,72,410,74,220
54054,378.02116342871597,75,33,71,411,73,222
54432,378.02116342871597,77,32,73,410,75,221
54810,378.02116342871597,75,32,71,410,73,221
54288,377.00132625761415,74,34,75,411,74,222
53960,380.0210520484359,77,32,73,412,75,222
53818,379.03298009540015,76,33,71,412,73,222
54197,379.0052770081177,75,32,73,411,74,221
54340,380.01184192074857,77,31,74,411,75,221
54576,379.0052770081177,75,33,73,412,74,222
53676,378.0119045744459,77,32,74,410,75,221
53676,378.033067336708,77,32,72,410,74,221
54576,379.0211075916485,78,32,74,411,76,221
55188,378.0119045744459,76,33,73,411,74,222
54432,378.0052909682614,76,34,74,412,75,223
54197,379.03298009540015,78,33,73,412,75,222
53960,380.0328933131973,78,33,73,413,75,223
53960,380.0210520484359,77,33,73,413,75,223
54864,381.06429903626497,78,32,71,413,74,222
54340,380.0473654690952,78,33,72,413,75,223
54483,381.06429903626497,77,31,70,412,73,221
54340,380.0328933131973,77,32,72,412,74,222
53580,380.0473654690952,77,32,71,412,74,222
55390,382.03272111168695,76,31,71,413,73,222
53818,379.03298009540015,76,33,71,412,73,222
54340,380.0210520484359,75,32,71,412,73,222
53534,377.02121956197635,76,34,72,411,74,222
54576,379.0474904283103,76,32,70,411,73,221
53676,378.0476160485607,76,32,70,410,73,221
53534,377.0331550407735,74,33,69,410,71,221
53818,379.0474904283103,75,31,69,410,72,220
53911,377.02121956197635,74,33,70,410,72,221
54576,379.0844233149128,76,32,68,411,72,221
54054,378.0476160485607,75,32,69,410,72,221
54054,378.0476160485607,75,32,69,410,72,221
53818,379.0844233149128,77,31,69,410,73,220
54054,378.06480925894175,76,31,69,409,72,220
53298,378.06480925894175,77,32,70,410,73,221
53676,378.08464660707926,76,31,68,409,72,220
53298,378.16001903955953,76,33,65,411,70,222
53818,379.10684509779037,76,32,67,411,71,221
53580,380.18942647054246,76,32,64,412,70,222
53818,379.1595970036892,77,31,66,410,71,220
53676,378.1071276768001,75,34,66,412,70,223
53721,381.2951612596205,78,33,63,414,70,223
54244,382.221140179347,77,31,64,413,70,222
53960,380.18942647054246,76,33,64,413,70,223
53960,380.1591771876617,75,33,64,413,69,223
54386,383.25578925829683,76,31,62,414,69,222
53862,382.1884351991829,76,32,64,414,70,223
54720,380.06446821559103,75,31,68,411,71,221
55152,383.13052606128895,76,30,66,413,71,221
54528,384.1575197754172,77,29,66,413,71,221
54144,384.13018626502134,77,28,67,412,72,220
54102,381.1587595740127,78,30,67,411,72,220
53480,382.1060062338722,79,29,70,411,74,220
54144,384.1874542459709,79,28,67,412,73,220
54003,383.1579308849029,77,29,66,412,71,220
53620,383.1579308849029,76,29,65,412,70,220
54528,384.2199890687625,76,29,63,413,69,221
53480,382.221140179347,76,31,63,413,69,222
54483,381.13121100219547,75,31,65,412,70,221
54386,383.29362113137233,77,32,62,415,69,223
54528,384.2551235832776,77,31,63,415,70,223
54769,383.2205631225965,76,32,63,415,69,223
54003,383.3340579703296,77,33,61,416,69,224
55055,385.4685460579112,77,33,58,418,67,225
53900,385.51913052402466,79,33,59,418,69,225
54954,387.46612755181576,77,32,58,419,67,225
55198,386.46733367776375,78,32,59,418,68,225
53900,385.3751419072071,79,32,62,417,70,224
54567,387.3732050619919,78,29,61,416,69,222
53580,380.6363093557944,81,21,59,401,70,211
53098,382.52320191068145,79,21,59,403,69,212
52542,378.4772119956498,79,22,60,400,69,211
51136,376.53153918363864,80,24,60,400,70,212
52500,375.6447790133652,80,25,58,400,69,212
52734,374.76926234684726,80,26,56,400,68,213
52875,375.8324094593228,82,27,57,402,69,214
52542,379.0356183790647,83,27,55,405,69,216
51649,377.96560690094543,83,28,56,405,69,216
50895,377.96560690094543,85,29,58,406,71,217
52920,379.1108017453473,87,28,58,406,72,217
53060,379.96052426535044,87,28,60,407,73,217
53200,381.1049724157374,87,28,58,408,72,218
51923,379.8236432872498,86,28,61,407,73,217
52440,380.8214804865923,85,26,60,406,72,216
53060,379.8236432872498,87,26,62,405,74,215
53200,380.888435109285,84,27,58,407,71,217
52681,379.96052426535044,86,29,59,408,72,218
51030,378.8931247726726,85,28,59,406,72,217
53676,378.9630588856914,84,29,57,407,70,218
52681,380.0328933131973,86,31,58,410,72,220
53439,380.0328933131973,84,31,56,410,70,220
53200,381.03018253151544,83,30,55,410,69,220
53580,380.9580029347067,81,29,54,409,67,219
51544,379.8236432872498,84,29,59,408,71,218
52542,378.76113845007916,84,27,60,405,72,216
52164,378.6990889875496,86,26,63,404,74,215
51649,377.58442764499705,87,23,66,400,76,211
52164,378.5828839237189,87,24,66,402,76,213
52264,376.64306710730784,90,25,68,401,79,213
51986,374.9733323851178,90,25,63,399,76,212
51612,375.2012793155162,88,26,58,400,73,213
52780,378.1917503066401,87,26,57,403,72,214
52542,379.18860742379906,86,25,56,403,71,214
52542,378.82581749400345,83,25,58,403,70,214
53960,380.888435109285,82,26,56,406,69,216
51923,380.0328933131973,82,27,54,406,68,216
53340,381.95549478964165,82,25,55,406,68,215
52959,382.1020806015063,81,26,52,407,66,216
52302,379.89077377583146,81,28,55,407,68,217
52440,380.8214804865923,80,28,55,408,67,218
52578,381.95549478964165,81,28,54,409,67,218
53098,383.09920386239384,82,29,53,411,67,220
52334,382.9529997271206,81,29,54,411,67,220
53760,385.09349514111506,81,28,52,412,66,220
54670,385.94559202042973,79,28,52,413,65,220
54426,387.1640479176753,80,27,50,413,65,220
54040,387.2428178804612,76,28,45,414,60,221
54954,388.3207437158103,76,28,44,415,60,221
55970,387.08784532712986,72,29,43,415,57,222
55198,386.9431482789171,71,29,44,415,57,222
55055,385.87692338360944,71,29,45,414,58,221
54912,384.8792018283139,71,29,45,413,58,221
53098,382.817188746796,74,28,49,410,61,219
53760,384.81294157031675,75,27,50,411,62,219
52854,383.7512214964273,77,27,53,410,65,218
53340,381.6346420334506,77,26,55,407,66,216
54528,384.6881854177484,79,27,56,411,67,219
54670,385.94559202042973,79,27,52,412,65,219
55055,385.8108344772085,77,27,52,412,64,219
54670,385.94559202042973,78,27,51,412,64,219
53900,385.94559202042973,76,28,49,413,62,220
55970,387.0142116253614,75,29,47,415,61,222
55970,387.0142116253614,77,30,49,416,63,223
54670,385.8108344772085,74,31,49,416,61,223
56210,385.6280591450783,74,32,52,417,63,224
55584,386.41946120763635,74,31,56,417,65,224
55152,383.25578925829683,73,32,59,415,66,223
54244,382.15834414546026,76,32,65,414,70,223
54769,383.13052606128895,77,32,67,415,72,223
54340,380.0328933131973,78,33,73,413,75,223
54288,377.0,77,33,77,410,77,221
54520,376.00531911131253,82,33,84,409,83,221
52966,373.04825425137693,85,33,91,406,88,219
53215,367.7839039436065,84,35,108,402,96,218
52128,362.60860442079974,89,37,110,399,99,218
51051,357.61711368445447,89,41,110,398,99,219
50619,359.45097023098987,89,40,107,399,98,219
50337,357.4534934785223,91,42,109,399,100,220
50040,360.1999444752872,92,40,104,400,98,220
50540,361.1121709386157,89,42,98,403,93,222
53215,367.02179771779225,84,40,80,407,82,223
51606,366.04917702407147,81,43,75,409,78,226
53650,370.0662102921584,79,41,72,411,75,226
53424,371.04851434819136,78,41,72,412,75,226
53795,371.001347706447,78,39,77,410,77,224
54020,370.03378224156785,79,39,84,409,81,224
53136,369.2289262774518,80,39,93,408,86,223
52338,366.546040764322,80,40,100,406,90,223
53436,366.60196398819255,79,40,100,406,89,223
53568,372.16259887312697,80,35,91,407,85,221
52824,372.0053763052357,82,35,84,407,83,221
53196,372.03360063306116,81,37,76,409,78,223
52452,372.02150475476543,82,37,78,409,80,223
52992,368.11003789627904,80,38,89,406,84,222
52704,366.49283758349225,81,39,100,405,90,222
54087,363.5505466919284,82,41,102,404,92,222
55632,366.3072480855381,83,40,98,406,90,223
53582,367.1103376370652,82,41,91,408,86,224
53650,370.01216196227927,82,40,85,410,83,225
52540,370.135110466435,81,37,71,407,76,222
52966,373.1340241789805,81,38,71,411,76,224
52398,369.00135501106223,83,40,84,409,83,224
52560,365.1369606051954,80,39,90,404,85,221
53360,368.11003789627904,83,38,92,406,87,222
54096,368.19560019098543,82,38,94,406,88,222
54612,369.10973977937783,83,38,92,407,87,222
52992,368.0489097932502,82,38,88,406,85,222
52682,371.0,83,38,83,409,83,223
53568,372.01209657751724,83,38,80,410,81,224
52966,373.03351055903806,82,38,77,411,79,224
53339,373.04825425137693,83,37,77,410,80,223
54020,370.08647638085887,80,39,88,409,84,224
54450,364.156559737704,81,42,110,405,95,223
53938,363.240966852584,84,45,114,407,99,226
55480,365.3505166275258,83,44,99,409,91,226
55577,373.08578102093355,80,41,88,414,84,227
53534,377.01193615056803,83,38,80,415,81,226
53768,376.0119678946403,82,39,79,415,80,227
52125,375.005333295408,81,38,79,413,80,225
53625,375.00133333096295,82,36,81,411,81,223
52734,374.00133689600625,83,38,82,412,82,225
53250,375.0,84,36,84,411,84,223
53482,374.0120318920235,81,37,84,411,82,224
53016,376.00531911131253,81,37,79,413,80,225
53721,381.18892953494856,82,36,70,417,76,226
55152,383.4227431960707,79,38,61,421,70,229
55772,382.42384862871717,75,38,57,420,66,229
58286,386.5177874302811,74,38,54,424,64,231
56356,386.57082145449107,72,38,51,424,61,231
57812,388.7415593938986,70,37,46,425,58,231
58286,386.6846260197061,68,41,45,427,56,234
58588,388.7415593938986,68,41,44,429,56,235
58286,386.8087382673768,68,42,43,428,55,235
59752,388.9382984484814,67,41,40,429,53,235
59598,388.0115977648091,66,43,38,430,52,236
60372,388.0115977648091,67,43,39,430,53,236
59598,388.3207437158103,69,43,37,430,53,236
58905,386.4116975455065,69,43,36,428,52,235
59290,386.4116975455065,69,43,36,428,52,235
59290,386.24603557836036,70,43,39,428,54,235
58905,386.24603557836036,69,43,38,428,53,235
57900,386.8087382673768,72,44,47,430,59,237
56301,384.022134778713,74,42,46,425,60,233
56064,385.1700922968968,74,42,44,426,59,234
54528,385.1700922968968,75,42,45,426,60,234
54528,384.57379005855296,76,43,55,427,65,235
53960,380.2959373961284,78,41,63,421,70,231
55825,385.29209698616967,78,40,63,425,70,232
57450,383.2205631225965,78,39,65,422,71,230
57600,384.3761178845532,79,40,62,424,70,232
56301,383.4709897762802,78,40,59,423,68,231
53721,381.75515713608894,80,40,56,421,68,230
54144,384.57379005855296,77,37,56,421,66,229
53900,385.4205495299907,75,38,57,423,66,230
53900,385.4205495299907,76,35,58,420,67,227
53654,386.46733367776375,75,34,56,420,65,227
55198,386.3741709793759,73,34,56,420,64,227
54954,387.87240169932176,74,35,48,422,61,228
55825,386.3275812053806,71,34,39,419,55,226
59444,387.96520462536324,72,36,33,422,52,229
60060,387.07234465923807,71,36,31,421,51,228
59520,385.8756276314948,71,38,33,422,52,230
57067,384.33448973517847,71,42,39,425,55,233
55198,387.0142116253614,74,42,46,428,60,235
52440,380.18942647054246,75,41,63,421,69,231
53721,381.0013123336979,77,40,78,421,77,230
56625,375.19195087314966,76,41,88,416,82,228
57904,376.29908317719827,81,40,96,416,88,228
58058,377.2982904811523,92,42,107,419,99,230
59250,376.0438804182299,81,43,109,418,95,230
57350,371.21422386541167,82,47,112,417,97,232
55784,368.22411653774117,82,49,112,416,97,232
55024,363.1597444651596,85,49,114,411,99,230
54416,359.9069324144785,86,51,123,409,104,230
52895,357.47587331175237,86,52,128,407,107,229
51538,355.8567127370228,88,51,133,404,110,227
50750,353.696197321939,89,54,140,404,114,229
49842,356.4337245547901,89,55,151,406,120,230
48928,357.5933444570802,91,56,154,408,122,232
49842,355.9241492228365,91,57,150,408,120,232
44164,366.77649870186616,90,54,149,416,119,235
46464,367.6044069376753,86,51,144,414,115,232
47988,375.6168260341914,85,43,137,415,111,229
50786,382.68786236304913,83,36,136,415,109,225
57450,387.2182846922392,82,32,139,415,110,223
53376,386.86560974064366,81,29,128,413,104,221
54812,388.6142045782681,82,25,127,411,104,218
58135,387.6209488662861,82,23,127,408,104,215
57984,386.86560974064366,82,25,129,409,105,217
54340,383.5413928117798,84,22,136,402,110,212
58140,383.27535793473595,89,24,139,404,114,214
62748,383.2140394087878,84,24,147,402,115,213
66470,395.4263521820467,88,18,147,409,117,213
68229,402.2461932697437,95,8,146,407,120,207
68614,408.5976015592847,98,1,144,407,121,204
67650,412.2487113381921,99,-2,142,408,120,203
66178,408.82759202382607,91,0,139,406,115,203
67485,411.3599397121699,98,0,142,409,120,204
65349,413.6786192202831,95,-5,142,406,118,200
66621,423.13354865810396,88,-6,147,413,117,203
63801,423.690925085728,74,7,149,424,111,215
53406,418.18297430670225,68,16,127,430,97,223
61306,406.6509559806789,64,25,87,431,75,228
61292,399.9062390110962,59,33,98,431,78,232
60368,394.035531392792,56,40,96,432,76,236
58286,388.171353914737,55,46,96,432,75,239
56918,385.6591759572174,55,52,108,434,81,243
57000,384.55298724623117,59,52,118,432,88,242
56776,380.60084077679073,61,54,120,430,90,242
57069,378.6211827143325,59,55,124,428,91,241
56544,377.636068192645,63,56,128,428,95,242
57564,375.2132726863483,61,56,129,425,95,240
56672,374.59845167859413,64,56,134,424,99,240
54621,366.9795634636894,59,55,144,412,101,233
54132,361.4000553403389,59,55,160,402,109,228
52772,359.8777570231314,48,56,182,390,115,223
54570,351.8195560226862,50,59,194,380,122,219
56238,347.9669524538214,43,63,203,372,123,217
55913,342.96501279285036,40,65,208,364,124,214
56064,339.40094283899685,39,71,212,363,125,217
55965,336.66749174816385,39,73,215,360,127,216
56516,334.6415993268021,40,75,217,359,128,217
56000,333.4081582685103,38,78,219,358,128,218
55322,331.7303121513016,38,78,219,356,128,217
56100,332.55676207228146,38,81,225,356,131,218
56434,331.7303121513016,45,79,226,357,135,218
55000,330.32408328791286,42,80,225,355,133,217
55476,331.15706243412654,44,81,227,357,135,219
54569,328.72176684850064,47,78,224,355,135,216
55948,333.58806933102386,51,78,226,362,138,220
54520,334.64757581670904,52,81,219,371,135,226
49767,339.6954518388493,64,78,196,391,130,234
49319,347.8649163109152,63,77,170,408,116,242
53550,363.4184915493432,68,72,136,429,102,250
56323,374.73323845103465,67,62,103,435,85,248
56301,383.13052606128895,72,51,62,434,67,242
57663,387.2182846922392,72,45,59,432,65,238
57961,389.4637338700486,75,39,56,428,65,233
56405,389.56642565806413,76,39,55,428,65,233
61152,392.99872773330964,78,36,50,428,64,232
61778,392.3901120058965,81,33,48,424,64,228
64796,390.056406177363,82,35,42,423,62,229
67860,393.19206502674996,88,31,38,421,63,226
68940,386.7880556583928,89,30,35,413,62,221
68382,399.0112780360977,127,16,58,409,92,212
68335,400.9812963219108,129,21,60,416,94,218
62568,399.66485960114136,125,22,71,418,98,220
58212,398.2210441450828,126,30,84,426,105,228
53460,397.0604487984166,126,33,97,429,111,231
50181,389.56642565806413,125,40,104,429,114,234
52854,383.0835418025682,122,41,114,424,118,232
53268,386.0207248322297,116,42,112,428,114,235
49660,382.03272111168695,114,45,109,427,111,236
52745,385.03246616356915,113,42,108,427,110,234
49790,383.10572953167906,115,41,106,424,110,232
49790,383.18794344290114,115,41,103,424,109,232
49920,384.1054542700481,114,40,105,424,109,232
50806,382.15834414546026,114,40,103,422,108,231
49790,383.0469945058961,113,40,107,423,110,231
48132,382.064130742471,118,40,111,422,114,231
49125,375.0119998080062,119,45,122,420,120,232
49096,363.6715551153266,118,48,162,409,140,228
50179,365.1657158058516,121,49,176,410,148,229
48990,361.64347083833826,111,53,180,408,145,230
49762,363.5010316353999,117,51,180,409,148,230
48576,359.489916409348,109,55,182,407,145,231
49000,357.9455265819088,109,57,184,407,146,232
49209,358.05167224857365,105,58,185,407,145,232
48372,356.63426644112593,104,59,182,407,143,233
49700,358.15639042183795,102,59,178,409,140,234
49000,357.53181676600474,104,58,177,408,140,233
49558,356.9677856613955,102,57,177,406,139,231
49560,361.04985805287333,102,54,173,408,137,231
51240,367.86546453832824,110,50,147,416,128,233
51800,370.7141756124252,110,48,133,418,121,233
49476,372.16259887312697,111,46,122,418,116,232
49848,372.1343843291023,111,47,121,419,116,233
49982,373.00536189175625,112,43,114,416,113,229
49125,375.0333318519835,118,42,113,417,115,229
49875,375.2252656738349,117,40,104,415,110,227
50760,376.53153918363864,117,38,97,414,107,226
52542,378.9630588856914,120,37,93,415,106,226
52060,381.2623768482802,124,36,93,416,108,226
54102,382.51405202946466,126,35,92,416,109,225
53721,382.6042341637113,129,35,94,416,111,225
54720,381.7970665157081,128,34,91,414,109,224
56007,383.0939832469312,129,32,89,413,109,222
57912,383.30797017541914,125,31,83,412,104,221
60738,385.00389608418254,124,31,76,413,100,222
59055,384.53218330849757,124,28,72,409,98,218
60897,386.51390660621774,122,29,70,412,96,220
59503,382.41600384921134,121,33,70,412,95,222
60040,383.67825062153315,122,30,69,410,95,220
61120,385.5230213618897,122,32,70,414,96,223
56448,386.2900464676769,123,32,81,416,102,224
51072,384.8792018283139,125,39,99,423,112,231
49476,372.08601156184307,128,41,136,413,132,227
49848,372.22708122865,130,42,143,414,136,228
49178,367.4914965002592,127,43,146,410,136,226
47815,366.1502423869196,124,45,153,410,138,227
48180,366.072397211262,125,45,153,410,139,227
48600,362.2154055254967,120,47,160,407,140,227
47124,359.9513856064455,118,49,164,406,141,227
46860,357.9678756536681,115,51,161,406,138,228
47570,357.1358285022661,114,52,153,407,133,229
46540,360.11803620479776,113,52,152,410,132,231
49096,363.9189470198,109,52,155,413,132,232
49504,365.8756619399546,109,51,146,415,127,233
50250,375.0333318519835,112,47,117,422,114,234
51054,381.1062843879644,108,45,99,426,103,235
50688,384.5204805988883,111,42,91,426,101,234
50820,385.8108344772085,114,40,89,425,101,232
51471,387.7434718986253,113,39,89,426,101,232
51992,389.15806557233276,119,36,89,424,104,230
53406,388.23961673172926,120,38,89,425,104,231
53406,388.16104905051975,122,39,92,426,107,232
53793,388.40442839905927,124,36,91,423,107,229
55238,390.3139761781533,122,37,90,426,106,231
52632,388.16104905051975,123,39,93,426,108,232
50435,385.51913052402466,124,42,104,427,114,234
49609,373.26264211678085,125,47,139,420,132,233
50827,372.05510344571275,125,46,153,417,139,231
48708,370.2998784768907,127,44,158,413,142,228
49504,366.3017881474236,122,47,163,411,142,229
48312,367.86546453832824,125,45,162,411,143,228
48642,365.5379597251153,121,46,164,409,142,227
48279,365.4216742340279,121,46,163,409,142,227
47916,364.6834243559748,122,47,157,410,139,228
48470,370.22830793984406,121,46,134,416,127,231
49764,377.064981137204,120,43,113,420,116,231
49530,381.2951612596205,119,41,104,422,111,231
50042,382.7531841800928,120,40,96,422,108,231
53098,383.42274319607077,122,38,89,420,105,229
51471,388.0850422265718,123,36,94,423,108,229
49270,379.33758052689683,125,41,109,420,117,230
47360,370.04864545083797,129,47,135,417,132,232
49815,369.7796641244621,129,45,153,414,141,229
48100,370.65347698355674,130,45,152,415,141,230
48732,372.0,131,48,131,420,131,234
49256,376.8978641488964,129,45,103,421,116,233
52578,382.34147041617126,125,42,93,423,109,232
55825,386.7738357231523,122,38,85,423,103,230
54426,387.7692612882047,123,40,86,426,104,233
49010,377.01193615056803,126,45,123,422,124,233
50864,374.261940357285,123,44,137,418,130,231
51030,378.00132274900835,125,44,124,422,124,233
51705,383.52183770940604,125,39,105,422,115,230
52471,384.1731380510616,123,37,93,420,108,228
55728,388.96015220071064,123,36,84,423,103,229
52245,388.3207437158103,124,38,92,425,108,231
48260,380.4260769190251,127,43,109,423,118,233
50220,372.04838395025985,124,45,130,417,127,231
50320,370.48751665879377,126,44,145,414,135,229
50874,368.07200382533847,126,43,165,409,145,226
47815,367.1852393547431,131,41,171,406,151,223
50232,366.7710457492521,130,41,175,405,152,223
48508,364.78623877553275,133,41,178,403,155,222
48465,361.56603822815,135,43,178,402,156,222
47747,361.6863281906022,136,45,180,404,158,224
48195,359.3466293149276,137,46,178,403,157,224
48330,360.455267682413,139,46,181,404,160,225
48330,359.8055030151707,143,45,179,403,161,224
48552,358.8105349623949,144,46,180,403,162,224
46374,355.8258000763857,146,49,182,403,164,226
45890,354.3585754571209,146,52,177,405,161,228
47481,357.61711368445447,137,54,158,411,147,232
46440,360.08887791766074,137,53,145,413,141,233
47320,364.0123624274318,125,54,128,418,126,236
48620,374.02138976267116,121,52,117,426,119,239
49632,376.00531911131253,115,51,113,427,114,239
51272,377.01193615056803,107,50,110,427,108,238
50652,378.08464660707926,104,50,112,428,108,239
50540,380.13155617496426,104,51,114,431,109,241
52197,381.22172026263144,105,49,118,430,111,239
51054,381.1587595740127,108,50,119,431,113,240
51952,382.221140179347,107,50,120,432,113,241
52245,387.06330231630074,108,49,115,436,111,242
52632,387.02067128255567,108,48,112,435,110,241
52768,388.0115977648091,107,48,110,436,108,242
53958,391.00511505605647,106,47,108,438,107,242
54600,390.03204996512784,104,47,109,437,106,242
53567,391.00511505605647,105,47,107,438,106,242
54349,391.02045982275655,102,49,106,440,104,244
53293,389.0205650091008,101,48,105,437,103,242
55413,393.03180532878,98,47,103,440,100,243
55272,392.02040763205173,97,49,101,441,99,245
54488,392.03188645823184,96,48,101,440,98,244
53567,391.01150878203066,97,48,100,439,98,243
54349,391.03196800261736,93,49,98,440,95,244
53567,391.0,95,50,95,441,95,245
53567,391.01150878203066,94,51,91,442,92,246
52920,392.02040763205173,92,52,88,444,90,248
54627,393.0114502148761,92,51,89,444,90,247
53841,393.0203557069278,88,50,84,443,86,246
53064,396.06186385462564,88,50,81,446,84,248
54766,394.08120990476056,88,51,80,445,84,248
55836,396.06186385462564,87,50,80,446,83,248
52930,395.0455669919611,87,51,81,446,84,248
53720,395.0620204474229,86,52,79,447,82,249
54252,396.06186385462564,87,50,80,446,83,248
55322,398.0615530291766,87,48,80,446,83,247
54510,395.0316443020736,85,49,80,444,82,246
54510,395.0810043522721,89,49,81,444,85,246
54372,394.1027784728243,89,49,80,443,84,246
56516,398.0452235613436,87,47,81,445,84,246
55322,398.0452235613436,87,46,81,444,84,245
55720,398.08039389048037,88,45,80,443,84,244
54786,397.1020020095592,86,45,77,442,81,243
53992,397.15236370944586,88,45,77,442,82,243
53720,395.15313487305144,86,48,75,443,80,245
53198,397.1813187953331,84,46,72,443,78,244
53332,398.2825630127435,87,46,72,444,79,245
55062,399.18041034098854,86,45,74,444,80,244
52801,397.15236370944586,85,47,74,444,79,245
54663,399.2455384847775,87,45,73,444,80,244
54264,399.21172327475557,86,46,73,445,79,245
55739,401.24431460146576,87,45,73,446,80,245
56000,400.24492501467154,86,45,72,445,79,245
55338,401.24431460146576,84,44,70,445,77,244
56017,403.20962290104137,84,43,71,446,77,244
55739,401.1795109424209,85,43,73,444,79,243
54937,401.15084444632544,85,43,74,444,79,243
53865,399.2455384847775,88,43,74,442,81,242
53992,397.1813187953331,87,45,75,442,81,243
54663,399.21172327475557,88,44,75,443,81,243
54663,399.2455384847775,88,45,74,444,81,244
55062,399.32067314377804,89,46,73,445,81,245
56118,398.2122549595881,87,47,74,445,80,246
53595,397.15236370944586,87,47,76,444,81,245
53595,397.2467746879766,89,48,75,445,82,246
53460,396.24739746779414,90,47,76,443,83,245
54526,398.2122549595881,89,45,76,443,82,244
53856,396.21332637860627,90,46,77,442,83,244
53992,397.28327425150934,90,47,75,444,82,245
56118,398.3214782057327,91,46,75,444,83,245
55044,396.3647310243433,92,48,75,444,83,246
54786,397.36381314860563,92,48,75,445,83,246
53992,397.2467746879766,90,48,76,445,83,246
55322,398.3214782057327,92,48,76,446,84,247
55580,397.2467746879766,91,47,77,444,84,245
54648,396.24739746779414,93,48,79,444,86,246
53978,394.1826987578222,92,49,80,443,86,246
55044,396.21332637860627,92,48,79,444,85,246
54648,396.21332637860627,91,48,78,444,84,246
54252,396.40887981981433,95,49,77,445,86,247
56259,399.36199118093344,92,47,75,446,83,246
55200,400.4509957535379,90,47,71,447,80,247
54526,398.55363503548676,92,48,71,446,81,247
54389,397.7247792129628,94,49,70,446,82,247
55977,397.4543999001646,92,49,73,446,82,247
53595,397.40785095415515,93,49,75,446,84,247
54924,398.36289987899227,92,48,75,446,83,247
55720,398.36289987899227,92,47,75,445,83,246
56259,399.36199118093344,93,46,76,445,84,245
55860,399.2818553353007,93,46,78,445,85,245
55580,397.28327425150934,93,47,78,444,85,245
55183,397.3222873184941,94,47,78,444,86,245
55720,398.36289987899227,95,46,78,444,86,245
56400,400.3610870202048,94,45,77,445,85,245
54663,399.2455384847775,94,46,80,445,87,245
54924,398.36289987899227,94,48,77,446,85,247
56259,399.36199118093344,94,47,77,446,85,246
55600,400.4996878900157,95,46,75,446,85,246
55062,399.4058086708304,94,48,76,447,85,247
55860,399.4058086708304,93,49,75,448,84,248
54924,398.6640189432701,95,48,72,446,83,247
55720,398.55363503548676,93,48,72,446,82,247
55600,400.78048854703496,95,47,70,447,82,247
55183,397.7247792129628,94,47,70,444,82,245
54663,399.78244083501215,96,47,71,446,83,246
54264,399.6060560101661,95,47,73,446,84,246
55200,400.71935316378216,96,46,72,446,84,246
56000,400.55087067687174,95,45,74,445,84,245
56000,400.6607043372235,96,45,73,445,84,245
56000,400.84410934925813,99,45,73,445,86,245
55062,399.5522493992494,96,45,75,444,85,244
54663,399.66235749692515,97,46,74,445,85,245
55322,398.84834210511644,97,48,71,446,84,247
54128,398.78440290462714,95,47,70,445,82,246
54663,399.7211528053025,96,47,72,446,84,246
55322,398.91477786615025,96,47,69,445,82,246
54924,398.84834210511644,95,48,69,446,82,247
55200,400.78048854703496,95,48,70,448,82,248
54800,400.71935316378216,94,47,70,447,82,247
55739,401.84200875468457,94,46,68,447,81,246
54663,399.66235749692515,93,46,70,445,81,245
55338,401.60303783711595,92,45,70,446,81,245
55878,402.6574226311989,94,44,71,446,82,245
55614,403.54677547962143,94,44,73,447,83,245
54800,400.55087067687174,97,44,76,444,86,244
54663,399.5522493992494,96,43,75,442,85,242
54389,397.5550276376844,96,44,75,441,85,242
53198,397.5550276376844,96,44,75,441,85,242
56118,398.6075764458072,96,44,74,442,85,243
54663,399.66235749692515,97,44,74,443,85,243
54663,399.66235749692515,97,46,74,445,85,245
55739,401.84200875468457,97,44,71,445,84,244
55211,404.04207701673846,98,45,69,448,83,246
55739,401.84200875468457,95,46,69,447,82,246
55614,404.04207701673846,96,47,67,450,81,248
55600,400.78048854703496,93,49,68,449,80,249
56280,402.7157806691961,92,48,68,450,80,249
56823,403.8378387422357,92,47,66,450,79,248
56560,404.90122252223443,92,47,65,451,78,249
58725,405.77087130546965,89,44,64,449,76,246
57246,406.7087409928633,91,46,67,452,79,249
56980,407.82962128810607,92,44,66,451,79,247
56840,406.831660518205,93,45,67,451,80,248
57246,406.8967928111501,93,45,66,451,79,248
56156,404.7727757643787,94,45,69,449,81,247
56295,405.77087130546965,91,45,66,450,78,247
56295,405.77087130546965,92,45,67,450,79,247
57105,405.83370978764196,92,44,66,449,79,246
56295,405.8990022160686,93,43,66,448,79,245
57794,407.96200803506196,94,44,66,451,80,247
56823,403.9715336505779,94,44,66,447,80,245
57368,405.34553161469535,96,45,63,449,79,247
55878,403.19350193176473,95,45,64,447,79,246
56017,404.1150826188006,95,45,65,448,80,246
57772,404.83576917066006,91,45,65,449,78,247
57510,405.77087130546965,93,43,68,448,80,245
58320,405.83370978764196,93,43,67,448,80,245
57652,406.76897620147975,93,42,68,448,80,245
56280,402.77661302513576,96,43,71,445,83,244
55476,402.83991857808735,96,44,70,446,83,245
57772,404.90122252223443,95,42,68,446,81,244
55752,404.7727757643787,95,43,70,447,82,245
56017,403.77468964758054,94,42,69,445,81,243
55074,402.6574226311989,94,44,71,446,82,245
55476,402.83991857808735,94,42,68,444,81,243
55461,399.7211528053025,94,45,70,444,82,244
54663,399.78244083501215,96,44,71,443,83,243
53198,397.6091045235257,96,45,74,442,85,243
55580,397.4543999001646,97,46,78,443,87,244
55860,399.36199118093344,95,45,78,444,86,244
55860,399.36199118093344,96,45,79,444,87,244
56000,400.55087067687174,98,46,77,446,87,246
55062,399.50093867223893,98,48,78,447,88,247
54526,398.45325949225213,95,49,76,447,85,248
56516,398.36289987899227,95,49,78,447,86,248
47850,330.00151514803684,306,-34,307,296,306,131
44616,338.11980125393427,321,-34,312,304,316,135
43680,336.59471178258286,326,-30,306,306,316,138
45016,331.3397048347813,322,-24,307,307,314,141
42826,322.3491895445062,324,-16,309,306,316,145
42478,317.1907943178679,322,-10,311,307,316,148
41674,311.6424232995245,328,-5,308,306,318,150
39390,303.3232599059953,324,2,310,305,317,153
37044,294.55050500720586,328,8,310,302,319,155
36375,291.68647551780657,330,10,310,301,320,155
35178,286.7699426369507,332,13,311,299,321,156
34809,283.9330907097656,333,14,310,297,321,155
34404,282.85685425670704,333,15,311,297,322,156
34844,281.93970986719836,333,16,310,297,321,156
34194,279.03404810166086,334,17,310,295,322,156
33638,279.12183719659055,334,18,309,296,321,157
33082,278.792037189013,330,21,309,299,319,160
33759,279.94642344563005,332,22,309,301,320,161
33517,277.953233476425,329,23,306,300,317,161
33720,282.0230487034703,331,23,307,304,319,163
34282,281.85989427373306,326,25,304,306,315,165
33600,281.02668912400475,329,24,305,304,317,164
34404,283.0194339616981,328,23,304,305,316,164
34001,282.0230487034703,327,22,303,303,315,162
33720,281.93970986719836,328,23,305,304,316,163
34968,282.936388610585,327,22,304,304,315,163
34122,282.936388610585,327,22,304,304,315,163
34122,282.936388610585,327,20,304,302,315,161
34404,282.936388610585,328,20,305,302,316,161
33880,280.713376952364,323,22,303,302,313,162
32760,281.02668912400475,325,25,301,305,313,165
34282,282.0230487034703,322,25,298,306,310,165
33720,282.20028348674634,325,25,299,306,312,165
34001,282.1099076601174,323,26,298,307,310,166
33880,280.8629559055448,321,27,299,307,310,167
33201,279.94642344563005,324,27,301,306,312,166
33320,280.94305472817797,325,29,302,309,313,169
32922,279.86603938313056,325,27,303,306,314,166
33759,279.71592732627863,324,27,304,306,314,166
33201,279.7892063679369,325,27,304,306,314,166
34160,280.713376952364,323,28,303,308,313,168
35092,283.77808231080854,325,26,304,309,314,167
34809,283.9330907097656,329,27,306,310,317,168
35055,285.92656399852046,329,26,306,311,317,168
34809,284.19183661745103,332,25,306,308,319,166
35625,286.2760905140351,332,22,305,307,318,164
35625,286.0087411251621,330,24,306,309,318,166
35055,286.37213551601,333,24,305,309,319,166
35712,289.26285623978754,330,23,303,311,316,167
36414,290.1671931835162,331,20,305,309,318,164
35464,286.8449058289165,327,24,305,310,316,167
34243,284.19183661745103,330,25,304,308,317,166
35588,288.1752938750996,329,23,303,310,316,166
35301,288.36261893664374,332,23,304,310,318,166
34892,286.8449058289165,325,25,303,311,314,168
35092,284.01584462842914,329,25,305,308,317,166
36036,286.8449058289165,327,25,305,311,316,168
35178,287.27164844446446,333,24,306,310,319,167
35178,286.8449058289165,328,28,306,314,317,171
35178,287.0052264332481,332,25,308,311,320,168
35910,285.8478616327224,330,26,308,311,319,168
34364,284.9298159196401,333,26,310,310,321,168
35625,285.92656399852046,332,26,309,311,320,168
34526,283.8538356267183,333,28,311,311,322,169
35784,284.8508381592022,334,27,312,311,323,169
35092,283.77808231080854,335,28,314,311,324,169
34844,281.40007107319644,329,29,314,310,321,169
34243,283.6370920736567,335,28,316,311,325,169
35464,286.7699426369507,334,26,313,312,323,169
34932,285.0122804371769,338,25,314,309,326,167
36068,284.9298159196401,337,24,314,308,325,166
35250,282.78083386255156,337,25,316,307,326,166
36352,284.9298159196401,338,24,315,308,326,166
35216,285.0982286861846,341,24,316,308,328,166
35910,285.8478616327224,337,23,315,308,326,165
35375,283.9330907097656,340,24,317,307,328,165
35941,283.8538356267183,340,23,318,306,329,164
35941,283.70583356709466,340,23,320,306,330,164
35250,282.45353600194136,340,22,324,304,332,163
35968,281.0871750898642,337,22,330,303,333,162
34071,277.0649743291274,336,22,330,299,333,160
34524,274.0164228654918,334,19,331,293,332,156
34146,271.0664125265246,333,20,327,291,330,155
33108,267.02996086581743,331,23,327,290,329,156
31702,262.19077024182224,332,24,322,286,327,155
30326,257.1575392633861,330,29,321,286,325,157
30160,260.4323328621083,346,38,331,298,338,168
31742,269.2248131209306,344,37,333,306,338,171
32016,276.18110000505106,342,37,332,313,337,175
33720,281.06404963993526,341,37,335,318,338,177
35055,285.0070174574654,339,36,337,321,338,178
37376,292.00171232374646,337,34,336,326,336,180
38700,300.08165555395084,337,34,330,334,333,184
41004,306.10455730027934,331,31,323,337,327,184
41406,309.1310401755217,328,28,319,337,323,182
42120,312.1297807002722,326,24,317,336,321,180
41406,309.01456276363416,321,22,318,331,319,176
40656,308.0584360149873,322,19,316,327,319,173
40698,306.0588178765644,320,16,314,322,317,169
40831,307.05862632402955,321,16,315,323,318,169
40260,305.0590106848182,318,14,312,319,315,166
39693,303.00165016052307,311,13,310,316,310,164
39130,301.0265768997814,312,16,308,317,310,166
39130,301.081384346492,313,13,306,314,309,163
39732,301.0597947252339,310,15,304,316,307,165
38784,303.00165016052307,308,17,309,320,308,168
39693,303.02640149003514,310,22,306,325,308,173
41052,311.0401903291599,315,25,310,336,312,180
42478,317.0252355885885,315,25,311,342,313,183
45220,323.0139315880973,316,28,313,351,314,189
45966,326.0015337387234,316,28,317,354,316,191
46671,331.0,322,30,322,361,322,195
48430,334.03742305316626,321,32,326,366,323,199
49445,341.0131962256006,326,31,329,372,327,201
50715,345.0362299817224,327,30,332,375,329,202
51652,349.09167850293994,329,31,337,380,333,205
51504,348.2068350851258,327,30,339,378,333,204
52299,351.1153656563609,330,28,339,379,334,203
51246,351.0911562543266,332,27,340,378,336,202
50750,350.1728144787942,332,30,343,380,337,205
51392,352.14201680572006,334,30,344,382,339,206
51185,353.1713465161069,334,31,345,384,339,207
50622,354.0903839417275,337,31,345,385,341,208
52392,354.2033314354906,333,32,345,386,339,209
51264,356.1404217440081,339,34,349,390,344,212
52836,357.169427583045,336,34,347,391,341,212
50196,356.1699032765122,341,37,352,393,346,215
51620,356.11374587342175,344,39,353,395,348,217
52773,359.3563690822802,342,40,358,399,350,219
51909,363.16662842282193,351,40,362,403,356,221
54168,366.1365865356807,351,38,361,404,356,221
53874,369.13547648526,352,37,362,406,357,221
54458,373.10856328956055,354,37,363,410,358,223
53424,371.19401934837254,351,39,363,410,357,224
52767,369.1639202305665,352,41,363,410,357,225
54085,373.10856328956055,353,38,362,411,357,224
54375,375.1333096380539,353,38,363,413,358,225
52593,373.2264728017025,352,40,365,413,358,226
54750,375.2252656738349,352,39,365,414,358,226
53108,374.2258676254221,352,37,365,411,358,224
52311,371.26405697293137,352,35,366,406,359,220
52452,372.3022965279693,352,33,367,405,359,219
53424,371.3448532025185,351,30,367,401,359,215
52170,370.48751665879377,352,29,371,399,361,214
53949,367.6588092239869,350,29,372,396,361,212
52416,364.60526600695164,352,30,373,394,362,212
51830,365.44356609468446,354,30,372,395,363,212
52052,364.3967617858315,353,30,370,394,361,212
51830,365.19720699917735,354,29,366,394,360,211
52560,365.04931173746917,350,29,356,394,353,211
52170,370.04864545083797,348,28,342,398,345,213
49077,369.91485506802775,345,24,319,393,332,208
54166,372.21096168705185,343,22,313,393,328,207
51888,368.71804946327217,342,27,319,395,330,211
49680,368.6570221764398,346,29,324,397,335,213
51198,371.53869246688157,349,29,329,400,339,214
51660,369.08671067921154,350,29,342,398,346,213
51465,365.1657158058516,349,30,360,395,354,212
49731,363.496905076233,350,32,369,395,359,213
50400,360.50104022041324,347,32,366,392,356,212
50142,366.06693377031473,352,29,345,395,348,212
51152,368.4901626909462,349,25,330,393,339,209
50690,370.43757908721955,346,23,328,393,337,208
53136,369.30475220338013,344,25,329,394,336,209
49868,364.0013736237818,343,29,344,393,343,211
51042,362.2333502039811,351,31,364,393,357,212
51262,361.4484748895754,349,30,367,391,358,210
49096,361.0,351,28,351,389,351,208
50416,368.4901626909462,349,23,330,391,339,207
51800,370.7141756124252,347,19,324,389,335,204
51152,368.71804946327217,346,21,323,389,334,205
52767,369.7796641244621,343,20,319,389,331,204
53505,369.4387635319282,344,24,326,393,335,208
51520,368.11003789627904,346,25,337,393,341,209
51013,367.03405836516043,348,26,343,393,345,209
51291,369.3467205756673,349,25,333,394,341,209
52824,372.4848990227658,345,20,326,392,335,206
51660,369.655244788979,345,20,323,389,334,204
51152,368.84820726146955,349,23,324,391,336,207
52540,370.135110466435,347,24,337,394,342,209
50318,362.2333502039811,349,29,362,391,355,210
49901,359.45097023098987,350,30,368,389,359,209
49680,360.04999652826,348,28,354,388,351,208
48240,360.1388621073821,350,27,340,387,345,207
49096,361.4000553403389,349,25,332,386,340,205
49457,361.55359215474544,345,22,325,383,335,202
48330,358.235955761004,347,28,334,386,340,207
50978,359.01253460011674,350,29,347,388,348,208
48498,354.5095203235027,351,33,370,387,360,210
49280,352.75062012702404,351,34,374,386,362,210
49840,356.4547657136877,350,33,368,389,359,211
46410,357.00560219694034,351,32,349,389,350,210
49096,361.23399618529817,349,27,336,388,342,207
51546,363.19829294753026,347,26,335,389,341,207
49457,361.6697388502389,349,24,327,385,338,204
49956,362.60860442079974,346,24,325,386,335,205
50196,356.74220383913087,344,23,321,379,332,201
51194,358.55822400274127,348,26,328,384,338,205
50552,356.4056677439347,350,27,333,383,341,205
49700,355.4560451026259,352,29,334,384,343,206
49420,353.0509878190401,351,32,345,385,348,208
49000,350.0699930013996,353,34,360,384,356,209
49000,350.03571246374275,355,33,360,383,357,208
48789,351.00142449853394,354,32,355,383,354,207
48224,352.035509572543,354,29,349,381,351,205
49206,354.0353089735542,354,29,349,383,351,206
47872,352.14201680572006,354,28,344,380,349,204
48224,352.2782990761707,351,28,337,380,344,204
49206,354.5095203235027,353,25,334,379,343,202
49067,353.6848880006043,356,24,334,377,345,200
49700,355.6810368855781,356,24,334,379,345,201
49700,355.5629339512205,357,24,337,379,347,201
49914,354.05084380636634,357,29,351,383,354,206
48927,347.28230591263934,359,33,373,380,366,206
47610,345.97832302038813,360,37,386,382,373,209
48440,347.476617918386,360,33,392,379,376,206
48720,349.1246195844687,359,33,387,381,373,207
46710,346.0520192109851,356,29,362,375,359,202
48162,349.05157212079706,356,26,350,375,353,200
49068,348.1738071710737,355,26,344,374,349,200
48860,349.3222008404275,358,24,343,373,350,198
48580,347.01296805739116,358,26,355,373,356,199
46512,342.21046155838076,360,32,372,374,366,203
45292,338.42724476613876,364,36,381,374,372,205
47460,339.7793401606401,363,35,386,374,374,204
47196,342.6441302576187,363,36,384,378,373,207
46648,343.0058308542291,360,31,358,374,359,202
48580,347.97270007861243,361,27,335,374,348,200
49764,348.9699127432048,355,26,329,374,342,200
48300,346.0549089378737,355,26,328,371,341,198
48990,345.9046111285595,356,30,331,375,343,202
48706,343.0058308542291,354,33,352,376,353,204
46782,339.37737107827326,354,37,370,376,362,206
45630,338.7816405887427,357,39,380,377,368,208
46035,341.42349069740357,360,38,377,379,368,208
45900,340.03676271838606,356,35,361,375,358,205
48020,343.5258360007294,354,31,335,374,344,202
49335,345.83377510011945,350,28,326,373,338,200
48990,345.9046111285595,351,28,326,373,338,200
48706,343.2462672775918,349,29,336,372,342,200
47600,340.147027033899,351,32,361,372,356,202
46306,338.7816405887427,355,36,378,374,366,205
46240,340.02352859765455,355,32,359,372,357,202
47399,341.21107836645626,351,33,339,374,345,203
45828,343.0641339458265,353,32,326,374,339,203
47196,343.0641339458265,354,31,327,373,340,202
49049,343.582595601116,351,31,331,374,341,202
48160,344.17582715815473,354,31,343,375,348,203
47320,338.1478966369597,353,35,363,373,358,204
44954,338.59119894055135,357,37,377,375,367,206
46580,340.5304685340212,357,36,376,376,366,206
46512,342.1768548572507,357,34,368,376,362,205
47334,343.32783167113035,354,33,339,376,346,204
46648,344.4894773429226,356,31,324,374,340,202
49049,343.5258360007294,348,32,329,375,338,203
46991,343.1763395107536,356,33,345,376,350,204
45360,336.2142174269256,354,37,366,373,360,205
46104,339.71311425966474,359,38,381,377,370,207
46169,337.9260274083664,359,35,384,372,371,203
46854,342.09355445550267,359,34,367,376,363,205
46717,341.52891532050404,356,32,337,373,346,202
46717,342.4061915328051,357,30,326,371,341,200
47740,341.915194163699,354,31,329,372,341,201
47658,339.1577803913689,354,32,326,370,340,201
46920,340.58772731852804,357,34,337,374,347,204
45158,337.0014836762592,357,36,358,373,357,204
46620,334.34862045475825,357,36,387,369,372,202
45832,338.3326765182459,359,38,389,375,374,206
45765,339.71311425966474,359,37,381,376,370,206
46240,340.03676271838606,354,33,349,373,351,203
47260,341.15099296352633,353,33,325,373,339,203
47260,341.5025622158639,357,30,325,370,341,200
47121,340.1543767173958,357,30,329,369,343,199
47517,337.71733742880303,356,31,334,368,345,199
46843,337.4803697994892,360,32,342,369,351,200
47376,336.00595232822883,361,30,359,366,360,198
44685,331.074009852782,363,34,370,365,366,199
46982,338.59119894055135,361,30,341,368,351,199
45360,337.8179983363823,361,33,326,369,343,201
47094,335.93451742862027,359,33,323,367,341,200
46426,336.1547262794322,361,32,323,366,342,199
45347,333.0615558721841,364,35,327,366,345,200
46148,332.66349363884217,360,37,339,369,349,203
46953,333.0,361,34,361,367,361,200
45895,335.18054836162554,362,36,373,371,367,203
45954,333.253657144224,361,35,374,368,367,201
46092,334.6595284763307,360,36,381,370,370,203
45895,335.538373364359,361,36,380,371,370,203
46704,337.52036975566375,356,30,324,366,340,198
46230,336.4312708414603,355,29,324,364,339,196
48384,336.78628238097826,352,30,329,366,340,198
46148,332.25442058759734,357,30,344,362,350,196
45678,331.2959402105616,358,34,372,365,365,199
44280,329.02887411289606,360,35,386,363,373,199
43684,326.88224179358537,362,33,386,359,374,196
44023,331.3397048347813,363,33,378,364,370,198
43560,330.4375886608544,361,34,378,364,369,199
45678,331.1223338888514,358,32,349,363,353,197
47235,336.25288102854967,354,31,325,366,339,198
47712,337.33662712489433,353,30,323,366,338,198
47428,334.4846782739084,354,34,336,368,345,201
44010,326.0383413035957,359,35,354,361,356,198
45402,329.1230772826482,359,35,368,364,363,199
43952,328.1234523773026,359,35,368,363,363,199
43952,328.09754647055803,359,35,367,363,363,199
45621,333.05404966761773,357,31,351,364,354,197
46092,335.5294323900662,358,29,326,363,342,196
46760,335.82882544534505,356,29,321,363,338,196
45954,334.26037755019667,357,31,328,364,342,197
46812,332.15056826686293,358,30,348,362,353,196
45621,333.33766663850037,360,32,375,365,367,198
44145,328.03201063310877,360,33,386,360,373,196
45152,332.2167966855379,361,32,373,364,367,198
45152,332.03764846776033,358,30,353,362,355,196
45484,332.3386826717588,359,30,344,362,351,196
46565,335.2521439155908,357,29,344,364,350,196
45621,333.02402315748935,356,31,352,364,354,197
44820,332.18217893198306,359,33,370,365,364,199
45816,332.60186409579853,359,34,379,366,369,200
43692,331.2959402105616,362,36,376,367,369,201
44354,331.3397048347813,361,37,376,368,368,202
45758,334.0538878684096,359,31,353,365,356,198
45696,336.65561037950937,360,29,339,365,349,197
47180,337.53518335130633,357,28,338,365,347,196
46368,336.18001130346823,355,29,344,365,349,197
47235,335.0373113550191,355,30,360,365,357,197
45696,336.3346547711074,361,29,376,365,368,197
46148,332.7957331457241,357,33,380,365,368,199
44354,331.15102294874464,358,32,368,363,363,197
46760,334.2154993413681,354,30,342,364,348,197
45090,335.0104475982801,354,29,328,363,341,196
45288,334.4398301638129,355,29,324,362,339,195
46760,335.25661813005274,355,30,326,364,340,197
45540,331.10270309980865,355,33,328,363,341,198
47570,335.4832335601885,357,32,339,367,348,199
44955,333.02402315748935,360,34,364,367,362,200
45016,331.03776219639957,361,34,366,365,363,199
46620,333.05404966761773,358,32,352,365,355,198
47040,336.78628238097826,357,31,334,367,345,199
46565,336.82339586198583,357,29,322,364,339,196
46953,335.0492501110844,356,31,319,364,337,197
46671,332.54323027239633,356,33,324,364,340,198
45016,332.18217893198306,360,35,332,366,346,200
47190,330.21810973960834,357,34,345,364,351,199
45264,328.0243893371345,360,35,356,363,358,199
45314,326.024538953742,359,36,363,362,361,199
46009,331.7981313991988,357,31,334,362,345,196
46480,333.3526661060325,356,30,326,362,341,196
45540,331.36083051561786,357,31,327,361,342,196
46389,329.94848082693153,358,33,333,362,345,197
44799,327.44159784608917,359,36,342,363,350,199
45780,327.29955698106284,358,36,344,363,351,199
47002,331.25518863860833,358,33,345,364,351,198
47002,331.074009852782,357,33,350,364,353,198
45540,330.0242415338607,357,32,353,362,355,197
45540,330.0060605504087,357,34,359,364,358,199
45484,332.0737869811467,357,35,364,367,360,201
45402,329.21877224727024,354,34,366,363,360,198
43890,330.3407331831786,356,35,371,365,363,200
45016,331.489064676348,354,35,372,366,363,200
45402,329.548175537356,353,32,372,361,362,196
44354,331.3864813175094,357,35,373,366,365,200
45453,327.95426510414524,351,33,376,360,363,196
44880,331.02265783477725,353,33,379,363,366,198
45347,331.5448687583628,355,33,374,364,364,198
45016,331.60367911107375,354,30,374,361,364,195
45424,334.33665668005955,352,31,367,365,359,198
44023,331.21745123106064,352,29,364,360,358,194
44488,332.03764846776033,350,30,355,362,352,196
44220,330.00151514803684,353,31,354,361,353,196
44415,329.00151975332886,353,33,354,362,353,197
44880,330.0742340747002,352,34,359,364,355,199
45152,332.25442058759734,353,35,366,367,359,201
44086,329.49203328760467,353,34,371,363,362,198
44010,326.7414880299103,353,32,375,358,364,195
44662,326.95718374123544,353,32,378,358,365,195
44010,326.88224179358537,353,31,377,357,365,194
44799,328.19658742893716,351,31,379,358,365,194
45402,330.2756424564185,353,28,382,357,367,192
43824,332.0240955111542,351,30,355,362,353,196
44550,330.00151514803684,350,31,351,361,350,196
45621,333.0135132393279,352,30,349,363,350,196
46092,334.14966706552326,352,29,342,363,347,196
47996,338.17894671312706,349,28,338,366,343,197
45895,335.18054836162554,352,30,341,365,346,197
45424,334.03742305316626,352,31,347,365,349,198
45621,333.0135132393279,352,33,355,366,353,199
44023,331.60367911107375,350,37,370,368,360,202
44622,333.48613164568025,353,35,371,368,362,201
45016,332.26796414941964,349,34,378,365,363,199
42250,327.33163611236847,350,36,389,361,369,198
45640,329.6619480619503,353,32,402,358,377,195
44525,328.977202857584,353,31,404,356,378,193
45731,332.7777035800325,356,27,406,356,381,191
44662,330.6070174693816,355,28,410,354,382,191
45640,331.29594021056164,353,25,412,351,382,188
45684,329.1504215400612,352,27,410,351,381,189
44388,328.3062594590605,355,28,408,352,381,190
44988,330.6070174693816,353,28,408,354,380,191
44988,329.81206769916713,356,27,406,353,381,190
43416,328.63505595112645,352,30,407,354,379,192
45500,329.2931824377784,353,31,406,356,379,193
45175,329.13371143047624,353,31,405,356,379,193
44936,331.78908963376114,354,30,404,358,379,194
44472,332.1038994049905,350,31,408,358,379,194
45540,334.3889950342266,353,30,407,360,380,195
44936,332.2544205875973,351,30,404,358,377,194
45360,337.33662712489433,355,32,385,368,370,200
48363,343.2855953866984,351,25,337,368,344,196
47740,342.4981751776205,349,26,317,367,333,196
47940,342.46313670233184,351,23,310,363,330,193
47996,340.72422866594036,350,23,307,361,328,192
47180,339.99117635609315,351,26,306,363,328,194
47094,336.6303610787357,351,28,309,362,330,195
47570,337.6225703355746,352,29,310,364,331,196
46760,336.6303610787357,352,31,310,365,331,198
46812,334.64608170423867,352,34,310,366,331,200
46426,337.1527843574779,355,31,309,365,332,198
48240,337.37960815674677,350,29,310,364,330,196
45758,336.7565886512096,353,32,310,366,331,199
47476,334.167622608774,348,32,310,364,329,198
45347,333.6540124140575,352,33,310,364,331,198
46200,332.29655430052236,351,33,312,363,331,198
45210,332.6619906150987,353,34,311,364,332,199
46248,329.96969557824553,350,34,314,362,332,198
45073,331.074009852782,351,33,314,362,332,197
45592,330.19388243878774,351,33,313,361,332,197
46248,329.7574866473845,347,33,313,361,330,197
44336,327.98170680694983,350,34,314,360,332,197
44388,325.5764119219941,350,36,318,360,334,198
45453,327.80787055835003,350,36,327,363,338,199
46060,329.34176777323586,351,35,336,364,343,199
46200,330.0242415338607,353,33,349,363,351,198
47619,333.15011631395237,350,32,360,365,355,198
45954,333.38416279121594,352,33,368,366,360,199
46760,334.5399826627604,353,34,372,368,362,201
46812,332.7957331457241,353,34,376,366,364,200
46671,332.09938271547566,350,33,377,364,363,198
45484,332.7281172368816,356,32,378,364,367,198
45870,330.8715762950937,353,31,377,361,365,196
47144,332.9399345227304,355,29,380,361,367,195
46530,331.36083051561786,353,30,383,360,368,195
46340,332.18217893198306,355,28,383,359,369,193
46200,331.02265783477725,354,30,380,360,367,195
46480,333.1786307673408,353,30,381,362,367,196
46671,332.18217893198306,353,30,381,361,367,195
45484,332.86633954186476,355,30,379,362,367,196
49010,338.07247743642193,348,25,341,363,344,194
46443,340.1543767173958,352,27,324,366,338,196
47940,341.69577111811026,349,23,315,363,332,193
47320,340.12938714553906,350,23,312,361,331,192
46982,340.12938714553906,351,26,313,364,332,195
47854,338.9173940652796,349,26,313,363,331,194
45895,337.6225703355746,352,28,310,363,331,195
47235,337.37960815674677,349,27,309,362,329,194
45288,335.764798631423,351,31,308,364,329,197
47094,336.38668225719044,351,30,311,364,331,197
46953,335.393798392278,349,30,309,363,329,196
45540,332.6619906150987,352,33,310,363,331,198
45920,330.31046002208285,351,31,312,359,331,195
45780,328.97568299191965,349,32,313,359,331,195
45920,330.19388243878774,348,31,310,359,329,195
45126,329.2005467796188,347,32,309,359,328,195
44799,329.56031314465037,350,33,309,360,329,196
45592,330.19388243878774,348,32,310,360,329,196
45126,329.56031314465037,349,32,308,359,328,195
46530,331.8508701209023,347,30,312,360,329,195
44744,330.96374423794515,349,33,313,362,331,197
47476,333.2641594891355,347,30,318,362,332,196
44415,330.65087327875,349,32,316,361,332,196
44550,330.94561486745823,349,33,324,363,336,198
44988,326.0552100488505,346,35,352,361,349,198
44200,325.34596969994874,350,33,365,358,357,195
44064,324.6798423062325,352,34,373,358,362,196
44940,321.97204847626136,352,30,377,351,364,190
43200,321.40317359976393,352,32,382,352,367,192
42660,317.5169286825507,352,31,383,347,367,189
44063,318.7130370725365,351,31,384,348,367,189
43884,319.92030257550084,351,30,386,348,368,189
44979,321.02492115099096,350,29,386,348,368,188
42840,317.0504691685536,351,30,387,345,369,187
44872,318.1587653986607,350,29,387,345,368,187
44240,318.0440221101475,352,29,388,345,370,187
44730,316.7238544852597,355,28,388,343,371,185
44660,320.50273009757655,356,27,387,346,371,186
43840,320.62439083762797,356,27,376,347,366,187
42930,318.0015723231569,351,25,352,343,351,184
43248,318.4540783221342,349,25,332,343,340,184
44480,320.97507691408066,351,25,326,345,338,185
42525,316.33210396670137,348,25,319,340,333,182
42390,315.2459357390671,345,26,317,340,331,183
41363,312.2579062249665,344,28,316,339,330,183
42296,312.541197284454,344,28,313,339,328,183
41850,311.75150360503477,345,28,312,338,328,183
41715,310.7571399018854,343,29,310,338,326,183
40610,312.0833222073874,345,30,309,340,327,185
41406,310.7571399018854,340,31,307,340,323,185
41985,313.31294259892934,345,30,307,341,326,185
42432,313.53628179207584,343,34,312,346,327,190
42704,315.7293144451431,346,32,313,346,329,189
42881,313.9187793044564,342,32,318,345,330,188
42704,315.1586901863885,346,31,319,345,332,188
43960,314.5743155440381,346,31,327,345,336,188
42120,312.16021527414415,348,31,338,343,343,187
43018,314.00159235265033,349,28,348,342,348,185
42255,313.02555806195767,351,28,355,341,353,184
42525,315.2284885602822,354,27,366,342,360,184
43155,315.45839662307293,351,29,368,344,359,186
42390,314.5155004129368,351,27,369,341,360,184
42255,313.4086788842964,352,26,368,339,360,182
42704,314.40737904826597,350,25,366,339,358,182
42120,312.4099870362662,349,27,365,339,357,183
41496,312.360368805007,349,28,364,340,356,184
42076,314.45985435346114,348,29,365,343,356,186
42525,315.40608744918035,350,28,366,343,358,185
42390,314.5155004129368,346,30,364,344,355,187
43155,315.6342820417326,346,28,366,343,356,185
42525,315.5138665732459,347,28,365,343,356,185
42840,315.40608744918035,346,31,362,346,354,188
42210,315.35694062442957,348,30,363,345,355,187
42478,317.3089976663126,347,29,361,346,354,187
43065,319.4010018769509,344,29,360,348,352,188
43248,318.190194694934,345,26,356,344,350,185
42930,318.0251562376788,345,26,341,344,343,185
43520,320.45124434147544,344,27,327,347,335,187
43065,319.7577207824699,344,26,322,345,333,185
44160,320.8987379221053,344,26,320,346,332,186
42746,320.0578072786227,345,27,319,346,332,186
45080,323.0479840519052,342,26,316,348,329,187
42294,320.5058501806168,347,24,307,342,327,183
43840,322.61587065735,345,26,304,346,324,186
43248,320.3825837963106,345,28,306,346,325,187
43292,317.0678160898706,340,32,314,348,327,190
41895,315.69922394583114,345,35,324,350,334,192
43746,317.0252355885885,341,36,337,353,339,194
41762,314.00636936215164,344,36,346,350,345,193
43703,319.07679326456827,343,35,350,354,346,194
42746,319.07679326456827,343,36,350,355,346,195
42427,319.00626953086675,342,36,344,355,343,195
43014,321.00623046912966,342,37,344,358,343,197
44388,324.02469041725817,340,34,336,358,338,196
44712,324.02469041725817,339,31,335,355,337,193
43928,323.12536266904215,343,31,334,354,338,192
44525,325.01384585891105,341,32,338,357,339,194
42693,321.024921150991,341,32,337,353,339,192
43928,323.0,341,33,341,356,341,194
44298,321.0015576286196,341,33,340,354,340,193
43977,321.01401838549043,342,31,339,352,340,191
43470,322.0558957696629,344,31,338,353,341,192
44251,323.03869737231173,339,31,334,354,336,192
43792,322.3972704599094,340,31,324,353,332,192
44897,323.5583409526016,339,29,320,352,329,190
43656,321.4498405661449,338,29,321,350,329,189
45220,323.5583409526016,338,30,319,353,328,191
44114,322.44844549167857,337,29,320,351,328,190
44388,324.5566206380637,337,29,318,353,327,191
44251,323.50115919421364,336,29,318,352,327,190
44712,324.4456811239749,336,29,319,353,327,191
44200,325.4443116725195,336,30,319,355,327,192
44525,325.61480310329875,340,29,320,354,330,191
44200,325.34596969994874,337,31,322,356,329,193
45175,325.2598960831169,336,32,323,357,329,194
45073,329.94848082693153,337,31,312,360,324,195
45731,329.0972500644756,338,32,330,361,334,196
43282,323.0247668523267,341,32,345,355,343,193
42746,319.4526568992657,336,31,353,350,344,190
42372,321.155725466634,341,30,351,351,346,190
44799,327.12382976481547,335,26,326,353,330,189
44525,326.20392394942155,335,23,307,348,321,185
44388,325.77906623968335,335,23,301,347,318,185
44525,327.09937327974194,334,23,297,348,315,185
45264,330.0802932621092,335,21,298,349,316,185
44662,327.28733553255614,336,22,307,348,321,185
44525,326.29128091323554,335,23,306,348,320,185
45126,328.03201063310877,341,21,315,348,328,184
45920,328.18439938546743,337,22,326,350,331,186
42240,320.3997503120126,340,26,324,346,332,186
45684,324.6798423062325,337,23,316,347,326,185
43014,322.2188697143605,339,25,311,346,325,185
44022,319.62634434601915,335,26,315,345,325,185
41712,316.22776601683796,338,28,326,344,332,186
43112,317.0252355885885,337,31,341,348,339,189
42210,315.0571376750573,336,28,342,343,339,185
41265,315.0063491423625,337,29,339,344,338,186
41265,315.0063491423625,337,30,335,345,336,187
42210,315.0015872975881,335,31,334,346,334,188
41844,317.00630908548175,335,29,333,346,334,187
42108,319.4526568992657,331,27,314,346,322,186
42240,320.8254977398149,332,25,309,345,320,185
42560,320.7553584899245,331,26,309,346,320,186
43656,321.50427679892533,330,26,312,347,321,186
42560,320.3997503120126,334,29,318,349,326,189
42826,322.07607796916557,336,30,329,352,332,191
41789,319.02507738420815,338,32,334,351,336,191
42612,318.0015723231569,337,32,336,350,336,191
41789,319.00626953086675,339,31,337,350,338,190
43792,322.0062111202205,336,31,334,353,335,192
43282,323.3481096279983,335,27,320,350,327,188
43225,325.34596969994874,336,28,321,353,328,190
43148,323.0479840519052,335,26,309,348,322,187
43740,325.0415358073488,336,26,310,350,323,188
43282,323.6186026791414,334,27,314,350,324,188
43092,324.6166970443757,338,25,318,349,328,187
43740,324.2221460665511,337,25,325,349,331,187
42051,321.2631320273149,340,26,327,347,333,186
44251,323.12536266904215,337,24,328,347,332,185
41470,319.26478039395454,342,24,329,343,335,183
44298,321.18841822207725,342,22,331,343,336,182
43148,322.1257518423512,341,22,332,344,336,183
42746,319.1269339933563,342,23,333,342,337,182
41976,318.10061301418455,342,26,334,344,338,185
42478,317.1907943178679,344,26,333,343,338,184
43112,317.1277345171816,342,26,333,343,337,184
41762,314.15919531345884,342,26,332,340,337,183
41844,317.2270480271189,343,27,331,344,337,185
41210,317.1277345171816,343,30,334,347,338,188
41844,317.1277345171816,341,29,332,346,336,187
41976,318.3080269173242,341,26,327,344,334,185
41580,315.5138665732459,340,29,322,344,331,186
42660,316.45694809878955,337,28,320,344,328,186
42930,318.62831010442244,341,27,321,345,331,186
42344,316.51224304914336,339,27,321,343,330,185
42612,318.4540783221342,340,28,323,346,331,187
41527,317.2270480271189,340,28,328,345,334,186
41844,317.1907943178679,339,28,328,345,333,186
41976,318.3535770177555,341,23,326,341,333,182
42612,318.4022612985027,337,22,321,340,329,181
42478,317.83328963467625,339,22,316,339,327,180
42612,319.23032437411075,338,19,310,337,324,178
42746,320.50273009757655,337,16,306,335,321,175
43520,321.80118085550896,340,16,306,336,323,176
43840,321.69706246716026,342,16,309,336,325,176
43884,318.4022612985027,340,20,324,338,332,179
43608,316.05695689226644,345,25,351,341,348,183
43194,313.1022197302344,343,26,351,339,347,182
43056,312.27071588607214,346,25,359,337,352,181
42160,310.13061764359867,345,25,354,335,349,180
43018,314.0254766734699,341,26,337,340,339,183
42210,315.26813984289623,342,23,329,338,335,180
41396,316.22776601683796,342,23,330,339,336,181
41580,315.12854520020875,341,22,332,337,336,179
41448,314.31194695715914,342,21,328,335,335,178
40248,312.23068395018447,342,22,330,334,336,178
40560,312.27071588607214,343,24,330,336,336,180
42660,316.2672920173694,343,22,330,338,336,180
42210,315.2284885602822,342,24,330,339,336,181
41134,314.15919531345884,341,25,331,339,336,182
41080,316.30997455028194,343,26,329,342,336,184
41844,317.45550869373807,342,23,325,340,333,181
42161,317.40352865083275,344,25,328,342,336,183
42161,317.3546911580164,344,25,329,342,336,183
41658,318.4540783221342,343,26,326,344,334,185
41210,317.40352865083275,344,28,328,345,336,186
41844,317.45550869373807,346,29,329,346,337,187
41396,316.5706872090339,347,33,328,349,337,191
41210,317.5106297433205,344,34,326,351,335,192
41527,317.69482211707515,344,36,323,353,333,194
41210,317.83328963467625,342,38,319,355,330,196
41976,318.69264189811474,340,36,319,354,329,195
33150,268.47904946196456,277,47,193,302,235,174
36288,270.3849108215915,269,50,171,302,220,176
35607,267.22649569232465,267,53,170,302,218,177
35358,267.22649569232465,266,54,169,303,217,178
35178,264.0681730159846,266,56,170,302,218,179
34932,264.0681730159846,265,56,169,302,217,179
35178,263.7062759966095,263,55,168,301,215,178
34932,264.433356443547,264,56,167,302,215,179
34860,266.1522120892479,262,54,168,303,215,178
34472,265.5729654915952,263,53,168,301,215,177
34155,268.53118999475646,262,50,172,303,217,176
33915,269.75729832573575,261,46,173,301,217,173
33792,270.37936311782374,260,42,173,298,216,170
32382,268.5758738233946,255,39,177,296,216,167
31354,268.00186566514793,256,37,180,294,218,165
30107,263.04562341920837,252,35,180,288,216,161
31000,258.82233288493484,253,33,186,283,219,158
31242,257.1789260417735,256,36,181,282,218,159
31232,255.5621255194126,252,39,176,283,214,161
31104,254.6075411294803,252,42,176,285,214,163
31460,254.568261965234,250,44,171,286,210,165
31702,255.8378392654222,247,46,164,288,205,167
31920,254.27544120500508,241,49,157,289,199,169
32026,253.6651335915127,237,50,152,289,194,169
33017,256.2225595063791,233,49,146,290,189,169
32640,254.60754112948027,227,52,142,292,184,172
32265,253.33179824096305,222,53,138,292,180,172
31548,251.71809629027467,217,54,138,293,177,173
31440,252.66776604861968,217,55,138,295,177,175
31440,252.98221281347037,218,54,138,294,178,174
30720,252.3568901377571,219,56,141,296,180,176
30392,262.2746651889961,298,38,286,300,292,169
31784,274.963633959111,301,42,278,316,289,179
31350,276.52486325826106,303,44,274,319,288,181
32844,277.1299334247385,301,42,276,318,288,180
33082,279.5084971874737,299,48,270,326,284,187
32804,279.5084971874737,301,47,272,325,286,186
33040,281.4977797425763,299,46,270,326,284,186
32712,283.80979546167885,301,46,269,328,285,187
33677,284.6928169097352,301,45,270,328,285,186
33111,285.0350855596553,303,46,269,329,286,187
33276,283.5912551543154,300,47,270,329,285,188
33677,284.6928169097352,302,45,271,328,286,186
33960,284.5856637288674,300,44,270,327,285,185
32944,285.4767941532201,299,44,270,328,284,186
32944,285.5801113523139,298,45,268,329,283,187
33394,284.38178563332775,297,43,269,326,283,184
33439,282.49247777595775,296,44,267,325,281,184
32994,283.5912551543154,297,44,267,326,282,185
33558,282.85685425670704,293,43,271,325,282,184
32828,284.28506819739937,297,43,270,326,283,184
33677,284.1020943252619,298,43,273,326,285,184
33040,280.64390248141865,296,44,277,324,286,184
33439,281.513765205185,296,44,279,325,287,184
32760,280.25702488965374,295,44,283,324,289,184
32480,280.178514522438,294,43,284,323,289,183
32480,280.349781523011,294,43,280,323,287,183
32148,283.6987839240768,295,44,264,326,279,185
32712,283.5912551543154,294,44,264,326,279,185
32148,285.1105048924013,294,45,252,327,273,186
32034,284.7402324927055,294,47,248,328,271,187
30411,284.177761269245,295,48,241,327,268,187
31527,284.3694779683642,294,50,239,329,266,189
31024,283.0070670495703,292,50,234,327,263,188
30858,284.40112517358295,292,50,232,328,262,189
31414,283.98591514369156,290,50,232,328,261,189
30580,284.6137733842127,292,50,231,328,261,189
31136,283.98591514369156,285,51,227,329,256,190
31920,285.7428914251412,284,50,227,330,255,190
32200,286.1485628130954,284,52,225,332,254,192
32200,285.15960443232484,280,52,226,332,253,192
30580,282.8214984756286,279,55,227,333,253,194
30580,282.2853166567471,276,55,227,333,251,194
30470,281.1280846873894,276,56,228,333,252,194
30193,281.3005510126136,276,55,227,332,251,193
30302,281.46047679914136,261,58,217,336,239,197
30193,280.1660222082614,262,59,220,336,241,197
30360,276.18110000505106,271,51,261,327,266,189
30193,277.3048863615642,273,50,260,327,266,188
30525,275.11633902769205,278,49,270,324,274,186
31301,277.0649743291274,282,46,276,323,279,184
30912,276.21911592067624,287,41,276,317,281,179
32364,279.35103364763125,288,37,274,316,281,176
31855,277.953233476425,288,39,265,316,276,177
31740,277.8488797889961,287,40,255,316,271,178
31188,278.74181602335875,285,43,246,319,265,181
31414,282.46061672381865,283,44,233,322,258,183
30912,280.14282071829,283,45,235,321,259,183
30250,280.0607077045975,276,48,223,323,249,185
30250,281.2578887782528,267,51,208,326,237,188
30688,280.9270367906941,266,52,204,326,235,189
30962,280.70803337275544,263,52,202,326,232,189
30552,269.6738771182704,285,46,255,314,270,180
30510,272.389427107588,287,45,251,315,269,180
30820,270.54204848784593,282,44,245,312,263,178
30666,271.5326867984774,284,44,247,313,265,178
30666,271.5326867984774,287,43,250,312,268,177
31204,271.1401851441427,287,41,253,310,270,175
30780,272.13232075591463,287,40,253,310,270,175
31824,273.87588429797904,288,39,256,311,272,175
31204,271.01660465735307,293,39,260,308,276,173
31204,270.4533231446787,293,37,265,306,279,171
31050,272.0091910211859,300,37,267,307,283,172
31356,269.45871668958864,300,37,272,305,286,171
30705,268.5702887513807,305,37,276,304,290,170
30888,264.6828290615014,303,38,284,302,293,170
30475,265.91163945942645,309,37,287,302,298,169
31122,267.0805122055894,311,36,287,302,299,169
30392,262.6175927084855,316,38,298,300,307,169
30888,264.5467822522134,320,37,303,301,311,169
31552,278.53904573685895,331,47,271,319,301,183
31075,282.12408617486034,331,49,268,324,299,186
31350,282.34907472842906,328,48,264,323,296,185
32804,285.72714256787015,327,47,261,325,294,186
33040,287.90449805447645,329,45,262,325,295,185
32480,287.67342595380615,327,46,261,326,294,186
32877,288.19611378365255,326,47,262,328,294,187
32828,289.71192588500736,325,46,263,329,294,187
33060,292.31831964486935,327,49,262,334,294,191
32376,290.6888370749727,326,47,264,331,295,189
33462,293.2933684896404,327,48,262,334,294,191
32890,292.64312737530673,325,49,263,335,294,192
32205,292.5423046330223,328,51,262,336,295,193
32775,291.04295215655026,327,51,268,336,297,193
32545,289.71192588500736,331,54,269,337,300,195
31696,289.71192588500736,332,53,270,336,301,194
31130,288.88232898535,333,52,275,335,304,193
31696,288.88232898535,337,51,279,334,308,192
31130,288.294987816299,338,51,283,334,310,192
30910,286.14157335137446,342,52,288,333,315,192
31130,288.48743473503316,343,50,287,333,315,191
30174,287.3134177166113,347,49,292,331,319,190
31696,287.7377278008569,350,48,298,331,324,189
30800,284.42925306655786,355,48,305,328,330,188
31248,283.2701890421934,361,46,312,325,336,185
31527,282.93108701590216,365,43,318,322,341,182
30858,281.46047679914136,364,43,320,321,342,182
30580,281.94503010338735,375,43,328,321,351,182
30800,278.0395655298001,379,41,338,316,358,178
32844,277.96582523756405,382,36,349,312,365,174
31900,277.7516876636396,396,34,357,309,376,171
33428,275.049086528205,392,32,368,306,380,169
31824,273.5415873317986,404,32,375,304,389,168
32912,272.9706943977686,407,29,384,301,395,165
31860,271.0645679538364,415,29,391,299,403,164
31742,269.8184574857695,413,30,392,299,402,164
32841,267.8245694479877,419,30,398,297,408,163
33108,267.54065111679756,423,27,406,294,414,160
32472,264.3709515056448,430,28,416,292,423,160
33125,265.22820362849797,436,27,425,292,430,159
32349,263.1900454044568,441,27,431,290,436,158
32612,263.1900454044568,446,27,436,290,441,158
31702,262.1221089492453,449,29,441,291,445,160
32086,263.1216448717209,449,30,441,293,445,161
31702,262.1221089492453,454,30,446,292,450,161
31702,262.0686932847951,457,31,451,293,454,162
31842,261.0,459,30,459,291,459,160
33012,262.00763347658403,464,29,466,291,465,160
32760,260.09421369957465,467,29,474,289,470,159
32086,263.1216448717209,469,29,477,292,473,160
33138,263.2736219221364,473,24,485,287,479,155
32488,262.42903802742563,479,24,494,286,486,155
33669,261.76516192954324,483,20,503,281,493,150
32364,261.4306791484121,495,21,510,282,502,151
32103,261.37520922994975,496,21,510,282,503,151
32625,261.6199533674754,497,20,515,281,506,150
31744,256.632032295269,500,23,518,279,509,151
31488,256.4995126701024,502,21,518,277,510,149
31372,253.71243564319033,503,22,522,275,512,148
30996,252.6420392571276,506,21,524,273,515,147
31242,254.70963860835735,506,21,525,275,515,148
31626,252.05158202241063,505,19,528,270,516,144
32370,250.35374972226796,507,18,533,267,520,142
31496,249.57563983690397,507,21,535,269,521,145
31496,249.46542846655126,507,20,534,268,520,144
31248,249.80792621532248,508,20,538,268,523,144
31125,250.56935167733508,511,18,539,267,525,142
30752,249.80792621532248,512,18,542,266,527,142
31122,248.36465126905637,515,18,541,265,528,141
31369,248.4713263135205,514,17,541,264,527,140
30504,249.92999019725502,512,17,543,265,527,141
30504,247.2670621008791,514,16,539,262,526,139
30504,247.2670621008791,512,17,537,263,524,140
30625,246.272207120495,512,19,537,264,524,141
31744,249.158584038359,507,18,531,266,519,142
31124,251.87695408671274,509,18,530,269,519,143
32500,250.79872407968907,507,16,527,266,517,141
31500,250.96613317338256,503,18,525,268,514,143
30866,253.5705030164195,502,17,519,270,510,143
30996,252.38858928247924,498,20,512,272,505,146
31496,254.2833065696606,495,20,507,274,501,147
31097,257.12448347055556,494,20,502,277,498,148
30976,256.0703028466987,490,22,496,278,493,150
32004,254.12595302329902,488,23,496,277,492,150
31097,257.12448347055556,484,24,492,281,488,152
31460,260.0173071162764,482,25,485,285,483,155
32750,262.0019083899963,475,25,476,287,475,156
31964,262.0019083899963,467,25,466,287,466,156
31680,264.12118430750684,462,26,454,290,458,158
31920,266.15221208924794,453,27,444,293,448,160
31773,267.15164233071823,445,28,436,295,440,161
31742,269.1505155113027,438,28,429,297,433,162
31707,271.31162894354526,434,29,421,300,427,164
32520,271.3613826615718,427,31,413,302,420,166
32332,274.41027677548817,422,32,407,306,414,169
32725,275.9601420495359,417,33,394,308,405,170
33275,276.0452861397926,408,34,384,309,396,171
32804,279.6140196771256,403,35,373,313,388,174
33082,279.8356660613511,396,37,364,315,380,176
32409,279.20243551946317,390,39,355,316,372,177
30303,276.06158733152284,387,40,346,313,366,176
30912,280.6724069088374,348,54,297,330,322,192
30470,281.8386062980017,342,57,290,334,316,195
31806,283.80451018262556,335,58,283,337,309,197
30910,286.3319751616993,330,61,275,342,302,201
31191,285.9545418418808,322,63,269,344,295,203
32092,289.66359798911566,320,64,263,348,291,206
31584,287.3134177166113,316,66,261,348,288,207
31302,286.57459761814204,314,65,263,347,288,206
31472,285.7708872506085,313,67,261,348,287,207
31020,286.3983240174425,312,69,262,351,287,210
30174,286.0559385854452,313,69,265,351,289,210
30738,286.2254356272342,313,69,264,351,288,210
30847,287.21072403376587,313,69,264,352,288,210
30847,287.21072403376587,313,70,264,353,288,211
31174,290.5116176678654,316,70,265,356,290,213
30780,289.0138404990322,315,69,267,354,291,211
30956,287.862814548875,315,69,268,353,291,211
31635,288.8494417512348,315,68,268,353,291,210
30888,289.8361606149239,317,68,270,354,293,211
31174,289.3648216352499,316,68,272,354,294,211
31746,289.67568071897233,318,68,272,354,295,211
30316,289.67568071897233,320,67,274,353,297,210
31240,287.3882391469769,319,67,275,351,297,209
31174,289.5185658986311,321,67,276,353,298,210
31584,284.6840353795765,318,67,279,349,298,208
31524,287.08883642524313,322,66,280,350,301,208
31413,286.40006983239374,324,66,280,349,302,207
30738,285.2595309538316,325,66,282,348,303,207
31584,285.1105048924013,326,67,284,349,305,208
31472,283.9753510430087,327,67,286,348,306,207
31360,282.842712474619,328,67,288,347,308,207
31472,283.832697200305,330,66,290,347,310,206
31920,282.4340631014609,330,64,293,344,311,204
31806,281.99645387841315,335,63,294,342,314,202
31866,285.2595309538316,336,62,293,344,314,203
31248,281.99645387841315,336,60,295,339,315,199
31360,283.28254446753334,338,62,295,342,316,202
30580,281.46047679914136,340,62,296,340,318,201
31248,282.1435804692356,338,62,296,341,317,201
30858,281.3058833369825,338,63,295,341,316,202
31527,282.29417280560364,338,62,295,341,316,201
31527,282.1435804692356,337,63,295,342,316,202
31248,282.1435804692356,338,63,296,342,317,202
31920,282.98586537139977,336,62,295,342,315,202
31360,282.98586537139977,336,63,295,343,315,203
31024,280.01785657346926,336,61,295,338,315,199
31301,280.01785657346926,337,59,296,336,316,197
31625,277.89386463180506,336,61,296,336,316,198
31301,279.8731855680354,338,61,298,338,318,199
31855,279.8731855680354,338,61,298,338,318,199
30525,277.89386463180506,339,61,299,336,319,198
30912,278.74181602335875,337,62,298,338,317,200
30800,278.18878482066816,339,64,297,339,318,201
30688,277.0505369061753,337,64,296,338,316,201
30800,278.18878482066816,337,64,295,339,316,201
30636,279.17736297916423,337,62,295,338,316,200
31024,280.01785657346926,336,63,295,340,315,201
31301,280.3176769310134,337,62,294,339,315,200
30912,279.32955446926843,337,61,294,337,315,199
30800,278.4977558257876,339,62,295,337,317,199
31075,278.0395655298001,337,62,296,337,316,199
31075,278.4977558257876,339,62,295,337,317,199
30525,278.3415168457627,339,62,296,337,317,199
31075,278.4977558257876,340,63,296,338,318,200
31464,278.8834882168537,335,63,295,339,315,201
31188,278.8834882168537,335,62,295,338,315,200
31692,280.86295590554477,335,63,295,341,315,202
31301,280.01785657346926,336,64,295,341,315,202
30858,281.3058833369825,337,63,294,341,315,202
30912,279.0286723618202,336,62,295,338,315,200
30747,280.3176769310134,338,62,295,339,316,200
31301,280.1660222082614,338,61,296,338,317,199
30912,279.17736297916423,340,61,298,337,319,199
31236,277.0505369061753,341,60,300,334,320,197
30800,277.7516876636396,343,58,304,333,323,195
30360,278.74181602335875,345,57,306,333,325,195
30688,276.76163028859327,345,58,306,332,325,195
30464,274.78173156161597,345,59,306,331,325,195
30414,276.6224864323217,345,58,307,332,326,195
30576,275.6320010448714,344,58,306,331,325,194
30192,274.78173156161597,347,57,308,329,327,193
30576,275.109069279804,345,57,311,330,328,193
31611,257.12448347055556,400,39,408,296,404,167
30720,256.12496949731394,410,34,418,290,414,162
30464,256.28109567426156,416,32,428,288,422,160
30583,257.4373710244882,425,29,440,286,432,157
30345,255.44079548889604,434,27,449,282,441,154
30345,255.38402455909412,443,26,457,281,450,153
30258,246.01829200285084,442,28,445,274,443,151
30397,279.25973573001886,356,46,281,315,318,180
30240,279.95713957675736,350,45,276,315,313,180
31552,282.6888749137468,345,46,268,318,306,182
31395,283.11481769769665,345,45,270,318,307,181
31552,282.9628950940388,340,48,262,320,301,184
32487,284.2006333560853,336,49,257,322,296,185
34224,288.4995667241114,333,52,249,328,291,190
34348,290.0431002454635,330,55,244,332,287,193
35280,293.8043566729397,326,59,237,339,281,199
36400,296.0,323,64,227,344,275,204
36400,295.357410606201,316,66,222,346,269,206
36960,296.65468140583926,315,69,217,349,266,209
35840,296.3258341758275,314,72,217,352,265,212
35406,295.36756761702867,311,71,220,352,265,211
35814,296.0135132050562,309,70,219,352,264,211
35814,296.31908477180474,311,68,220,350,265,209
35687,295.36756761702867,311,67,220,348,265,207
36096,296.0135132050562,311,65,221,347,266,206
35250,295.71100757327247,311,64,222,346,266,205
34968,295.11523173160685,312,63,225,345,268,204
34440,293.5029812455063,312,65,224,345,268,205
33880,291.7601754866486,313,63,231,343,272,203
33840,293.4024539774676,313,62,232,344,272,203
33320,291.20439557122074,315,63,235,343,275,203
33040,289.87066081271485,315,65,240,345,277,205
32994,291.2953827303138,315,66,242,348,278,207
32376,293.73627627516487,316,67,241,351,278,209
32775,294.95931922894044,314,68,238,353,276,210
33176,295.41834743292435,312,69,238,355,275,212
33748,295.41834743292435,311,69,237,355,274,212
33748,294.6811836544709,309,69,238,355,273,212
33176,294.92371895118913,309,70,237,356,273,213
33748,294.20571034566956,305,69,236,355,270,212
33292,294.7168132292421,304,68,237,355,270,211
32775,292.5423046330223,303,67,237,352,270,209
33394,290.82297020696285,305,66,238,349,271,207
32877,289.110705439975,308,65,240,346,274,205
33480,285.59061609233595,306,64,245,343,275,203
33040,287.2211691362599,313,63,249,343,281,203
33600,287.44564703609615,316,63,251,343,283,203
33916,285.27180021866866,316,66,252,344,284,205
33480,286.4716390849188,319,68,254,347,286,207
33880,286.56761854752534,318,67,257,347,287,207
33360,285.0491185743257,322,69,259,347,290,208
32963,283.6370920736567,323,70,262,347,292,208
32922,285.59061609233595,324,70,263,349,293,209
33082,284.82977372458805,325,71,263,349,294,210
32085,286.4716390849188,329,72,264,351,296,211
32409,283.85383562671825,326,74,264,351,295,212
32132,283.42371107583784,326,73,266,350,296,211
32409,283.6370920736567,326,76,265,353,295,214
32248,284.82977372458805,327,79,265,357,296,218
33082,284.6137733842127,326,78,265,356,295,217
31692,284.40112517358295,327,81,267,359,297,220
32132,284.0739340383063,328,81,265,358,296,219
32085,286.02447447727263,328,82,265,361,296,221
32922,286.24639735724185,329,82,265,361,297,221
32132,284.0739340383063,329,84,266,361,297,222
32568,282.66057383370605,327,85,266,361,296,223
32804,283.98591514369156,326,84,268,362,297,223
32643,285.1701246624548,327,84,268,363,297,223
33082,284.19183661745103,327,85,268,363,297,224
32963,283.2137002335869,328,85,269,362,298,223
32725,280.84515306481615,327,87,270,362,298,224
32450,281.2578887782528,328,86,269,361,298,223
